Brand,year,km_driven,fuel,transmission,owner,mileage,engine,selling_price
Mahindra,2016,101000,Diesel,Manual,1,16.55 kmpl,2498 CC,630000
Hyundai,2010,70000,Petrol,Manual,2,19.81 kmpl,1086 CC,200000
Chevrolet,2011,250000,Diesel,Manual,2,14.8 kmpl,2499 CC,650000
Honda,2006,70000,Petrol,Manual,2,17.7 kmpl,1497 CC,270000
Hyundai,2016,70000,Petrol,Manual,4,18.9 kmpl,1197 CC,330000
Hyundai,2015,39414,Petrol,Manual,1,18.9 kmpl,1197 CC,400000
Maruti,2017,24522,Petrol,Manual,1,20.4 kmpl,1197 CC,600000
Volkswagen,2017,40906,Diesel,Manual,1,21.66 kmpl,1498 CC,700000
Maruti,2007,110000,Petrol,Manual,2,19.7 kmpl,796 CC,118000
Maruti,2016,50000,Petrol,Manual,1,22.74 kmpl,796 CC,270000
Ford,2012,103994,Diesel,Manual,4,20.0 kmpl,1399 CC,320000
Maruti,2008,29000,Petrol,Manual,1,16.1 kmpl,796 CC,75000
Hyundai,2011,80000,Diesel,Manual,1,22.32 kmpl,1582 CC,300000
Maruti,2018,9000,Petrol,Manual,1,19.1 kmpl,1197 CC,611000
Hyundai,2013,60000,Diesel,Manual,2,21.27 kmpl,1396 CC,459999
Maruti,2017,30000,Petrol,Manual,1,20.89 kmpl,1197 CC,484999
Datsun,2017,20000,Petrol,Manual,1,22.5 kmpl,999 CC,300000
Hyundai,2014,70000,Diesel,Manual,2,24.0 kmpl,1120 CC,350000
Maruti,2016,120000,Diesel,Manual,1,25.2 kmpl,1248 CC,590000
Honda,2018,1000,Petrol,Automatic,1,18.0 kmpl,1497 CC,1085000
Hyundai,2018,20000,Petrol,Manual,2,18.9 kmpl,1197 CC,500000
Hyundai,2019,3010,Petrol,Automatic,1,20.3 kmpl,1086 CC,521000
Mahindra,2017,60000,Diesel,Manual,1,18.49 kmpl,1493 CC,750000
Hyundai,2014,30000,Petrol,Manual,1,19.1 kmpl,1197 CC,480000
Maruti,2017,90000,Diesel,Manual,1,24.3 kmpl,1248 CC,700000
Tata,2017,42000,Petrol,Manual,1,23.84 kmpl,1199 CC,425000
Tata,2015,15000,Petrol,Manual,1,25.4 kmpl,624 CC,110000
Tata,2012,110000,Diesel,Manual,2,19.09 kmpl,1396 CC,158000
Hyundai,2013,80000,Diesel,Manual,2,22.32 kmpl,1582 CC,580000
Maruti,2017,60000,CNG,Manual,1,26.6 km/kg,998 CC,350000
Honda,2016,2118,Petrol,Manual,1,19.4 kmpl,1198 CC,475000
Ford,2017,49957,Diesel,Manual,1,25.83 kmpl,1498 CC,700000
Tata,2010,100000,Diesel,Manual,2,18.8 kmpl,1248 CC,200000
Hyundai,2010,123278,Petrol,Manual,2,20.36 kmpl,1197 CC,150000
Hyundai,2014,30000,Petrol,Manual,2,20.36 kmpl,1197 CC,300000
Maruti,2014,90000,Diesel,Manual,1,23.4 kmpl,1248 CC,420000
Maruti,2006,102000,Petrol,Manual,3,16.1 kmpl,1298 CC,215000
Maruti,2011,47000,Petrol,Manual,1,18.5 kmpl,1197 CC,190000
Tata,2013,110000,Diesel,Manual,1,19.1 kmpl,1405 CC,275000
Tata,2016,40000,Petrol,Manual,1,23.84 kmpl,1199 CC,399000
Maruti,2016,110000,Diesel,Manual,2,24.3 kmpl,1248 CC,700000
Fiat,2009,100000,Petrol,Manual,2,15.7 kmpl,1172 CC,100000
Ford,2018,19100,Petrol,Manual,1,19.0 kmpl,1194 CC,700000
Maruti,2010,100000,Diesel,Manual,2,19.3 kmpl,1248 CC,320000
Honda,2007,90000,Petrol,Automatic,1,12.9 kmpl,1799 CC,350000
Mahindra,2015,125000,Diesel,Manual,1,15.1 kmpl,2179 CC,650000
Maruti,2017,28050,Diesel,Manual,1,28.09 kmpl,1248 CC,800000
Maruti,2017,10000,Petrol,Automatic,1,23.1 kmpl,998 CC,450000
Hyundai,2019,10000,Diesel,Manual,1,24.0 kmpl,1186 CC,700000
Mahindra,2016,100000,Petrol,Manual,2,18.15 kmpl,1198 CC,350000
Renault,2016,15000,Petrol,Manual,1,25.17 kmpl,799 CC,390000
Honda,2010,58544,Petrol,Manual,2,17.4 kmpl,1497 CC,350000
Chevrolet,2011,41000,Petrol,Manual,1,18.0 kmpl,995 CC,169000
Ford,2019,6000,Petrol,Manual,1,19.0 kmpl,1194 CC,700000
Maruti,1998,70000,Petrol,Manual,2,16.1 kmpl,796 CC,40000
Hyundai,2010,55000,Petrol,Manual,2,19.81 kmpl,1086 CC,180000
Maruti,2017,51146,Diesel,Manual,1,24.3 kmpl,1248 CC,800000
Maruti,2015,114000,Diesel,Manual,1,25.2 kmpl,1248 CC,565000
Maruti,2010,22000,Petrol,Manual,1,15.0 kmpl,1586 CC,300000
Mahindra,2011,90000,Diesel,Manual,1,13.6 kmpl,2523 CC,445000
Hyundai,2014,28800,Petrol,Manual,1,18.6 kmpl,1197 CC,484999
Renault,2013,250000,Diesel,Manual,1,20.46 kmpl,1461 CC,475000
Mahindra,2012,75000,Diesel,Manual,1,15.96 kmpl,2523 CC,600000
Maruti,2015,93000,Petrol,Manual,2,20.85 kmpl,1197 CC,540000
Tata,2018,60000,Diesel,Manual,1,22.95 kmpl,1248 CC,539000
Chevrolet,2008,70000,Petrol,Manual,2,15.26 kmpl,1150 CC,80000
Maruti,1998,70000,Petrol,Manual,1,14.0 kmpl,796 CC,80000
Mahindra,2013,70000,Diesel,Manual,1,12.83 kmpl,2696 CC,900000
Tata,2011,84321,Diesel,Manual,1,23.57 kmpl,1396 CC,200000
Honda,2014,76000,Diesel,Manual,1,25.8 kmpl,1498 CC,450000
Maruti,2014,25000,Petrol,Manual,1,18.5 kmpl,1197 CC,350000
Hyundai,2009,60000,Petrol,Automatic,2,15.0 kmpl,1396 CC,360000
Maruti,2014,150000,Diesel,Manual,3,23.4 kmpl,1248 CC,409999
Maruti,2013,66000,Petrol,Manual,1,14.7 kmpl,796 CC,150000
Tata,2009,110000,Diesel,Manual,1,11.57 kmpl,2179 CC,250000
Ford,2016,70000,Diesel,Manual,1,25.83 kmpl,1498 CC,500000
Tata,2010,120000,Diesel,Manual,4,13.93 kmpl,2179 CC,400000
Toyota,2012,120000,Diesel,Manual,2,,,300000
Mahindra,2015,77000,Diesel,Automatic,2,16.0 kmpl,2179 CC,1100000
Mahindra,2012,80000,Diesel,Manual,2,20.8 kmpl,1461 CC,200000
Maruti,2015,53000,Petrol,Manual,2,22.74 kmpl,796 CC,270000
Maruti,2009,150000,Diesel,Manual,3,21.1 kmpl,1248 CC,145000
Maruti,2014,74537,Petrol,Manual,2,20.51 kmpl,998 CC,300000
Hyundai,2017,80000,Diesel,Manual,1,21.19 kmpl,1396 CC,650000
Maruti,2006,50000,Petrol,Manual,3,14.0 kmpl,1061 CC,150000
BMW,2010,102000,Diesel,Automatic,1,19.62 kmpl,1995 CC,1100000
Chevrolet,2013,70000,Petrol,Manual,2,18.6 kmpl,1199 CC,170000
Maruti,2019,35700,Diesel,Manual,1,28.4 kmpl,1248 CC,800000
Renault,2014,80000,Diesel,Manual,1,19.01 kmpl,1461 CC,650000
Maruti,2010,120000,Petrol,Manual,2,19.7 kmpl,796 CC,150000
Maruti,2010,190000,Diesel,Manual,2,19.3 kmpl,1248 CC,350000
Mahindra,2012,100000,Diesel,Manual,1,14.0 kmpl,2523 CC,450000
Maruti,2018,50000,Diesel,Manual,1,24.3 kmpl,1248 CC,875000
Ford,2016,50000,Petrol,Manual,2,18.16 kmpl,1196 CC,388000
Hyundai,2009,35000,Petrol,Manual,3,19.81 kmpl,1086 CC,160000
Hyundai,2017,13000,Petrol,Manual,1,18.6 kmpl,1197 CC,666000
Toyota,2014,112000,Diesel,Manual,2,12.99 kmpl,2494 CC,900000
Maruti,2008,60000,Petrol,Manual,1,19.7 kmpl,796 CC,129000
Hyundai,2010,80000,Diesel,Manual,2,16.2 kmpl,1493 CC,220000
Maruti,2015,30000,Petrol,Automatic,1,19.12 kmpl,1373 CC,685000
Hyundai,2012,40000,Petrol,Manual,1,21.1 kmpl,814 CC,170000
Nissan,2016,35000,Diesel,Manual,1,20.45 kmpl,1461 CC,750000
Tata,2008,120000,Diesel,Manual,3,16.8 kmpl,1405 CC,175000
Maruti,2012,110000,Diesel,Manual,1,19.3 kmpl,1248 CC,270000
Honda,2017,50000,Diesel,Manual,1,27.3 kmpl,1498 CC,670000
Tata,2017,110000,Diesel,Manual,1,24.7 kmpl,1047 CC,420000
Maruti,2018,25000,Diesel,Automatic,1,24.3 kmpl,1248 CC,911999
Mahindra,2017,110000,Diesel,Manual,1,15.4 kmpl,2523 CC,850000
Hyundai,2018,40000,Diesel,Manual,1,22.54 kmpl,1396 CC,750000
Hyundai,2015,70000,Petrol,Manual,1,18.6 kmpl,1197 CC,550000
Hyundai,2011,60000,Petrol,Manual,1,19.81 kmpl,1086 CC,160000
Fiat,2015,96500,Diesel,Manual,1,20.5 kmpl,1248 CC,425000
Maruti,2018,50000,Diesel,Manual,1,28.09 kmpl,1248 CC,1000000
Ford,2011,53287,Petrol,Manual,1,,,325000
Maruti,2013,80000,Diesel,Manual,1,23.2 kmpl,1248 CC,245000
Honda,2008,70000,Petrol,Manual,3,17.7 kmpl,1497 CC,150000
Maruti,2017,80000,Petrol,Manual,1,24.7 kmpl,796 CC,295000
Honda,2013,32000,Petrol,Manual,1,16.8 kmpl,1497 CC,500000
Ford,2011,70000,Diesel,Manual,1,20.0 kmpl,1399 CC,225000
Maruti,2016,80000,Diesel,Manual,2,26.59 kmpl,1248 CC,600000
Maruti,2016,47370,CNG,Manual,1,21.94 km/kg,1196 CC,330000
Mercedes-Benz,2010,35000,Petrol,Automatic,2,10.93 kmpl,2497 CC,1200000
Mahindra,2014,90000,Diesel,Manual,2,15.1 kmpl,2179 CC,750000
Tata,2012,120000,Diesel,Manual,1,22.3 kmpl,1248 CC,125000
Tata,2017,24000,Diesel,Manual,2,27.28 kmpl,1047 CC,350000
Chevrolet,2015,70000,Diesel,Manual,1,13.58 kmpl,2499 CC,425000
Tata,2010,26432,Petrol,Manual,1,25.4 kmpl,624 CC,65000
Tata,2015,70000,Diesel,Manual,1,19.1 kmpl,1405 CC,285000
Chevrolet,2016,60000,Diesel,Manual,2,25.44 kmpl,936 CC,215000
Maruti,2000,56194,Petrol,Manual,4,16.1 kmpl,796 CC,31000
MG,2019,16500,Petrol,Automatic,1,13.96 kmpl,1451 CC,1700000
Lexus,2019,20000,Petrol,Automatic,1,22.37 kmpl,2487 CC,5150000
Honda,2006,80000,Petrol,Manual,2,17.7 kmpl,1497 CC,93150
Toyota,2012,85000,Diesel,Manual,1,21.43 kmpl,1364 CC,600000
Mahindra,2013,40000,Diesel,Manual,1,17.21 kmpl,1493 CC,300000
Honda,2015,90000,Diesel,Manual,2,25.1 kmpl,1498 CC,800000
Maruti,2015,48000,Petrol,Manual,1,24.7 kmpl,796 CC,265000
Maruti,2012,100000,Diesel,Manual,2,22.9 kmpl,1248 CC,380000
Hyundai,2015,50000,Diesel,Manual,2,21.19 kmpl,1396 CC,610000
Tata,2012,50000,Diesel,Manual,3,19.09 kmpl,1396 CC,180000
Hyundai,2014,72000,Petrol,Manual,1,18.6 kmpl,1197 CC,320000
Mahindra,2011,110000,Diesel,Manual,2,12.05 kmpl,2179 CC,400000
Jeep,2017,20000,Diesel,Manual,2,16.3 kmpl,1956 CC,1920000
Mahindra,2016,14000,Petrol,Manual,2,18.15 kmpl,1198 CC,400000
Mahindra,2018,59865,Diesel,Manual,1,15.1 kmpl,2179 CC,1051000
Maruti,2016,50000,Petrol,Manual,1,22.74 kmpl,796 CC,245000
Audi,2013,35000,Diesel,Automatic,2,17.68 kmpl,1968 CC,2000000
Maruti,2013,92000,Diesel,Manual,3,20.77 kmpl,1248 CC,500000
Mahindra,2008,110000,Diesel,Manual,3,10.5 kmpl,2609 CC,250000
Volkswagen,2011,70000,Diesel,Manual,2,20.54 kmpl,1598 CC,250000
Maruti,2017,61260,Diesel,Manual,1,24.3 kmpl,1248 CC,861000
Toyota,2009,250000,Diesel,Manual,1,12.8 kmpl,2494 CC,550000
Hyundai,2011,50000,Diesel,Manual,1,23.0 kmpl,1396 CC,350000
Hyundai,2017,42000,Petrol,Manual,2,19.81 kmpl,1086 CC,385000
Hyundai,2009,90000,Petrol,Manual,4,17.92 kmpl,1086 CC,114999
Hyundai,2016,10000,Petrol,Manual,1,18.6 kmpl,1197 CC,600000
Hyundai,2007,120000,Petrol,Manual,1,17.8 kmpl,1086 CC,120000
Hyundai,2018,20000,Petrol,Manual,1,18.6 kmpl,1197 CC,801000
Mahindra,2013,165500,Diesel,Manual,2,14.0 kmpl,2523 CC,509999
Maruti,2016,120000,Petrol,Manual,1,23.95 kmpl,998 CC,260000
Tata,2012,135000,Diesel,Manual,1,13.93 kmpl,2179 CC,525000
Volvo,2019,17000,Diesel,Automatic,1,18.0 kmpl,1969 CC,5500000
Maruti,2006,120000,Petrol,Manual,2,16.1 kmpl,796 CC,65000
Hyundai,2017,50000,Diesel,Manual,1,22.54 kmpl,1396 CC,575000
Maruti,2012,175000,Diesel,Manual,2,21.5 kmpl,1248 CC,325000
Hyundai,2012,57000,Petrol,Manual,1,17.7 kmpl,1497 CC,434999
Tata,2010,90000,Diesel,Manual,2,18.8 kmpl,1248 CC,250000
Maruti,2017,36000,Diesel,Manual,1,27.39 kmpl,1248 CC,670000
Tata,2014,110000,Diesel,Manual,2,13.49 kmpl,2179 CC,440000
Hyundai,2009,70000,Petrol,Manual,3,13.2 kmpl,1495 CC,150000
Honda,2014,140000,Diesel,Manual,1,25.1 kmpl,1498 CC,650000
Mahindra,2018,10500,Petrol,Manual,1,18.15 kmpl,1198 CC,550000
Jeep,2017,70000,Diesel,Manual,1,16.3 kmpl,1956 CC,1950000
Honda,2019,7032,Petrol,Automatic,1,19.0 kmpl,1199 CC,779000
Maruti,2018,25000,Petrol,Manual,1,19.34 kmpl,1462 CC,900000
Hyundai,2015,90000,Diesel,Manual,2,24.4 kmpl,1120 CC,320000
Mahindra,2013,120000,Diesel,Manual,1,15.96 kmpl,2523 CC,440000
Volkswagen,2014,31000,Petrol,Automatic,2,17.21 kmpl,1197 CC,550000
Nissan,2016,35000,Petrol,Manual,1,19.49 kmpl,1198 CC,370000
Audi,2015,37000,Diesel,Automatic,1,18.25 kmpl,1968 CC,1750000
Maruti,2004,113000,Petrol,Manual,2,19.7 kmpl,796 CC,60000
Maruti,2015,60000,Diesel,Manual,3,26.21 kmpl,1248 CC,600000
Chevrolet,2015,40000,Diesel,Manual,1,25.44 kmpl,936 CC,200000
Maruti,2018,60000,CNG,Manual,1,26.6 km/kg,998 CC,400000
Maruti,2014,50000,Diesel,Manual,2,21.79 kmpl,1248 CC,425000
Mahindra,2018,35000,Diesel,Manual,1,16.55 kmpl,2498 CC,900000
Maruti,2015,50000,Petrol,Manual,2,23.95 kmpl,998 CC,240000
Honda,2015,49800,Diesel,Manual,1,24.7 kmpl,1498 CC,425000
Maruti,2016,20000,Petrol,Manual,1,17.5 kmpl,1373 CC,850000
Hyundai,2004,158000,Petrol,Manual,1,,,70000
Hyundai,2012,110000,Diesel,Manual,2,22.32 kmpl,1582 CC,590000
Honda,2012,60000,Petrol,Manual,1,19.4 kmpl,1198 CC,265000
Maruti,2006,44000,Petrol,Manual,1,19.7 kmpl,796 CC,94500
Toyota,2012,80000,Diesel,Manual,1,,,300000
Nissan,2012,70000,Diesel,Manual,2,21.64 kmpl,1461 CC,295000
Volkswagen,2011,65000,Diesel,Manual,2,20.54 kmpl,1598 CC,295000
Hyundai,2008,127000,Diesel,Manual,2,16.8 kmpl,1493 CC,245000
Maruti,2017,40000,Petrol,Manual,1,17.5 kmpl,1373 CC,765000
Maruti,2011,70000,Petrol,Manual,1,20.92 kmpl,998 CC,180000
Maruti,2015,15000,Diesel,Manual,1,23.65 kmpl,1248 CC,800000
Maruti,2020,30000,Petrol,Manual,1,22.05 kmpl,796 CC,250999
Hyundai,2015,70000,Petrol,Manual,1,18.9 kmpl,1197 CC,425000
Tata,2011,80000,Diesel,Manual,1,17.2 kmpl,1396 CC,100000
Chevrolet,2011,90000,Petrol,Manual,2,18.6 kmpl,1199 CC,125000
Fiat,2009,110000,Petrol,Manual,2,15.7 kmpl,1172 CC,140000
Ford,2012,70000,Diesel,Manual,2,20.0 kmpl,1399 CC,300000
Maruti,2010,70000,CNG,Manual,2,26.83 km/kg,796 CC,155000
Hyundai,2012,120000,Petrol,Manual,2,21.1 kmpl,814 CC,180000
Ford,2015,70670,Petrol,Automatic,1,16.5 kmpl,1499 CC,625000
Ford,2008,60000,Petrol,Manual,2,15.3 kmpl,1596 CC,285000
Hyundai,2015,70000,Petrol,Manual,3,17.19 kmpl,1197 CC,590000
Maruti,2012,97000,Diesel,Manual,3,22.9 kmpl,1248 CC,450000
Hyundai,2016,65300,Petrol,Manual,2,18.9 kmpl,1197 CC,350000
Tata,2011,50000,Diesel,Manual,2,17.0 kmpl,1405 CC,200000
Tata,2008,120000,Diesel,Manual,4,11.57 kmpl,2179 CC,150000
Maruti,2016,131111,Diesel,Manual,1,25.2 kmpl,1248 CC,595000
Toyota,2009,71000,Petrol,Automatic,1,12.1 kmpl,2362 CC,450000
Tata,2007,150000,Diesel,Manual,2,17.2 kmpl,1396 CC,85000
Hyundai,2012,103000,Petrol,Manual,1,20.36 kmpl,1197 CC,250000
Chevrolet,2014,38000,Diesel,Manual,1,22.1 kmpl,1248 CC,260000
Ford,2018,15000,Petrol,Manual,1,17.0 kmpl,1497 CC,910000
Hyundai,2013,80000,Petrol,Manual,1,21.1 kmpl,814 CC,200000
BMW,2012,80000,Diesel,Automatic,2,16.07 kmpl,1995 CC,1100000
Ford,2016,50478,Petrol,Manual,1,15.85 kmpl,1499 CC,670000
Toyota,2015,120000,Diesel,Manual,1,12.99 kmpl,2494 CC,1050000
Toyota,2012,120000,Diesel,Manual,1,,,320000
Honda,2014,56000,Diesel,Manual,2,25.1 kmpl,1498 CC,630000
Mahindra,2018,50000,Diesel,Manual,1,15.1 kmpl,2179 CC,1100000
Maruti,2017,110000,Diesel,Manual,1,24.3 kmpl,1248 CC,813000
Toyota,2012,250000,Diesel,Manual,1,12.99 kmpl,2494 CC,730000
Maruti,2011,64500,Petrol,Manual,1,18.9 kmpl,998 CC,240000
Volkswagen,2013,170000,Diesel,Manual,1,20.54 kmpl,1598 CC,450000
Hyundai,2001,80000,Petrol,Manual,2,,,33983
Mahindra,2011,80000,Diesel,Manual,3,15.1 kmpl,2179 CC,590000
Datsun,2019,10000,Petrol,Manual,1,19.02 kmpl,1198 CC,500000
Maruti,2012,70000,Diesel,Manual,2,19.3 kmpl,1248 CC,375000
Ford,2013,48000,Diesel,Manual,2,21.7 kmpl,1498 CC,475000
Honda,2008,75000,Petrol,Manual,1,17.7 kmpl,1497 CC,280000
Mahindra,2009,120000,Diesel,Manual,1,13.6 kmpl,2523 CC,290000
Maruti,2016,80000,Diesel,Manual,1,24.52 kmpl,1248 CC,750000
Tata,2010,250000,Diesel,Manual,1,13.93 kmpl,2179 CC,295000
Volkswagen,2016,50000,Diesel,Manual,1,20.14 kmpl,1498 CC,560000
Chevrolet,2008,100000,Petrol,Manual,3,18.0 kmpl,995 CC,65000
Maruti,2015,36000,Petrol,Manual,1,20.4 kmpl,1197 CC,420000
Ford,2012,54000,Diesel,Manual,1,20.0 kmpl,1399 CC,300000
Maruti,2016,46706,Petrol,Manual,1,16.8 kmpl,796 CC,220000
Chevrolet,2015,80000,Petrol,Manual,1,18.2 kmpl,1199 CC,220000
Nissan,2017,90000,Diesel,Manual,2,22.71 kmpl,1461 CC,580000
Tata,2011,120000,Diesel,Manual,1,19.4 kmpl,1405 CC,210000
Honda,2014,60000,Petrol,Manual,1,17.8 kmpl,1497 CC,650000
Hyundai,2016,56000,Petrol,Manual,3,18.9 kmpl,1197 CC,500000
Maruti,2012,93000,Diesel,Manual,1,20.77 kmpl,1248 CC,550000
Ford,2014,60000,Diesel,Manual,1,25.01 kmpl,1498 CC,425000
Maruti,2017,20000,Petrol,Manual,1,22.0 kmpl,1197 CC,509999
Maruti,2015,50000,Diesel,Manual,1,26.59 kmpl,1248 CC,625000
Maruti,2007,63000,Petrol,Automatic,3,18.9 kmpl,1061 CC,80000
Honda,2015,97000,Diesel,Manual,2,25.8 kmpl,1498 CC,430000
Hyundai,2013,35582,Petrol,Manual,1,18.5 kmpl,1197 CC,455999
Maruti,2011,70000,Petrol,Manual,3,19.0 kmpl,998 CC,170000
Mahindra,2014,69000,Diesel,Manual,1,15.1 kmpl,2179 CC,780000
Hyundai,2012,146000,Diesel,Manual,2,22.32 kmpl,1582 CC,465000
Maruti,2010,50000,CNG,Manual,1,26.2 km/kg,998 CC,275000
Maruti,2018,10000,Petrol,Manual,1,23.95 kmpl,998 CC,350000
Hyundai,2017,60000,Diesel,Automatic,2,17.01 kmpl,1582 CC,1000000
Maruti,2003,114000,Petrol,Manual,1,19.7 kmpl,796 CC,65000
Mahindra,2019,15000,Diesel,Manual,1,16.55 kmpl,2498 CC,974000
Honda,2004,110000,Petrol,Manual,3,12.8 kmpl,1493 CC,198000
Honda,2015,82000,Diesel,Manual,1,25.8 kmpl,1498 CC,509999
Volkswagen,2019,5000,Petrol,Manual,1,18.78 kmpl,999 CC,570000
Hyundai,2013,61500,Petrol,Manual,1,18.5 kmpl,1197 CC,525000
Hyundai,2016,154000,Diesel,Manual,1,19.67 kmpl,1582 CC,1150000
Hyundai,2019,25000,Petrol,Automatic,4,20.3 kmpl,1086 CC,466000
Maruti,2018,50000,Diesel,Manual,1,27.39 kmpl,1248 CC,760000
Hyundai,2012,27500,Petrol,Manual,1,18.5 kmpl,1197 CC,380000
Maruti,2005,50000,Petrol,Manual,1,,,170000
Tata,2013,140000,Diesel,Manual,1,21.02 kmpl,1248 CC,316000
Hyundai,2014,70000,Diesel,Manual,2,22.54 kmpl,1396 CC,440000
Chevrolet,2010,120000,Diesel,Manual,3,18.3 kmpl,1991 CC,270000
Toyota,2014,80000,Diesel,Automatic,2,12.55 kmpl,2982 CC,1400000
Hyundai,2009,81000,Petrol,Manual,4,17.0 kmpl,1197 CC,200000
Ford,2017,45000,Diesel,Manual,1,23.0 kmpl,1498 CC,725000
Maruti,2015,7967,Petrol,Manual,1,20.85 kmpl,1197 CC,600000
Maruti,2011,70000,Diesel,Manual,1,22.9 kmpl,1248 CC,325000
Maruti,2018,70000,Petrol,Manual,2,22.0 kmpl,1197 CC,509999
Hyundai,2019,28000,Petrol,Automatic,1,18.9 kmpl,1197 CC,550000
Maruti,2019,20000,Diesel,Manual,1,28.4 kmpl,1248 CC,900000
Maruti,2017,100000,Diesel,Manual,1,24.52 kmpl,1248 CC,750000
Toyota,2007,210000,Diesel,Manual,2,12.8 kmpl,2494 CC,465000
Toyota,2010,240000,Diesel,Manual,1,11.5 kmpl,2982 CC,900000
Hyundai,2018,30000,Diesel,Manual,1,22.54 kmpl,1396 CC,750000
Volkswagen,2014,40000,Diesel,Manual,3,20.14 kmpl,1498 CC,575000
Hyundai,2014,91000,Diesel,Manual,1,22.54 kmpl,1396 CC,451000
Hyundai,2015,20000,Petrol,Manual,1,17.01 kmpl,1591 CC,625000
Hyundai,2013,70000,CNG,Manual,2,19.2 km/kg,1086 CC,275000
Mahindra,2014,103000,Diesel,Manual,1,15.96 kmpl,2523 CC,550000
Tata,2013,100000,Diesel,Manual,1,19.09 kmpl,1396 CC,140000
Honda,2016,15000,Petrol,Manual,1,18.7 kmpl,1199 CC,526000
Hyundai,2013,210000,Diesel,Manual,3,21.9 kmpl,1396 CC,360000
Maruti,2014,50000,Petrol,Manual,2,23.95 kmpl,998 CC,250000
Maruti,2018,15000,Petrol,Manual,2,24.7 kmpl,796 CC,300000
Skoda,2011,64481,Diesel,Manual,2,20.5 kmpl,1598 CC,411000
Hyundai,2013,88000,Diesel,Manual,2,22.32 kmpl,1582 CC,520000
Ford,2015,60000,Diesel,Manual,1,25.83 kmpl,1498 CC,500000
Hyundai,2019,2286,Petrol,Automatic,1,18.15 kmpl,998 CC,1150000
Tata,2014,50000,Petrol,Manual,2,17.57 kmpl,1193 CC,360000
Chevrolet,2009,50000,Petrol,Manual,2,16.0 kmpl,995 CC,90000
Maruti,2018,35000,Diesel,Manual,2,25.47 kmpl,1248 CC,875000
Volkswagen,2010,44500,Petrol,Manual,1,16.47 kmpl,1198 CC,210000
Hyundai,2015,34000,Petrol,Manual,2,21.1 kmpl,814 CC,229999
Honda,2016,50856,Diesel,Manual,1,26.0 kmpl,1498 CC,802999
Maruti,2014,90000,Diesel,Manual,1,25.2 kmpl,1248 CC,400000
Maruti,2018,40000,Diesel,Manual,1,24.52 kmpl,1248 CC,955000
Hyundai,2014,29340,Diesel,Manual,1,22.32 kmpl,1582 CC,755000
Tata,2011,120000,Diesel,Manual,1,21.12 kmpl,1248 CC,265000
Honda,2015,40000,Petrol,Manual,1,17.4 kmpl,1497 CC,750000
Maruti,2019,15000,Petrol,Manual,1,21.21 kmpl,1197 CC,500000
Maruti,2017,12000,Petrol,Manual,1,23.1 kmpl,998 CC,425000
Ford,2012,104500,Diesel,Manual,2,20.0 kmpl,1399 CC,200000
Fiat,2011,30000,Diesel,Manual,1,20.4 kmpl,1248 CC,250000
Maruti,2019,10000,Petrol,Manual,1,21.21 kmpl,1197 CC,509999
Chevrolet,2015,110000,Diesel,Manual,2,13.58 kmpl,2499 CC,580000
Hyundai,2017,37333,Petrol,Manual,1,18.6 kmpl,1197 CC,730000
Hyundai,2016,100000,Diesel,Manual,1,22.54 kmpl,1396 CC,680000
Mahindra,2006,90000,Diesel,Manual,1,12.7 kmpl,2609 CC,350000
Maruti,2016,40000,Petrol,Manual,1,23.95 kmpl,998 CC,305000
Maruti,2011,30000,Petrol,Manual,1,20.92 kmpl,998 CC,225000
Ford,2019,20000,Diesel,Manual,1,23.0 kmpl,1498 CC,950000
Toyota,2012,120000,Petrol,Manual,2,,,200000
Maruti,2018,52200,Diesel,Manual,1,26.59 kmpl,1248 CC,690000
Tata,2013,120000,Diesel,Manual,2,17.88 kmpl,1405 CC,170000
Hyundai,2017,49000,Diesel,Manual,1,25.4 kmpl,1186 CC,550000
Hyundai,2012,60000,Petrol,Manual,1,17.7 kmpl,1497 CC,355000
Maruti,2011,60000,Petrol,Manual,1,18.9 kmpl,998 CC,376000
Maruti,2015,25000,Petrol,Manual,1,23.1 kmpl,998 CC,350000
Hyundai,2015,85000,CNG,Manual,1,13.45 km/kg,1086 CC,300000
Maruti,2017,56000,Diesel,Manual,1,25.2 kmpl,1248 CC,660000
Hyundai,2008,110000,CNG,Manual,3,13.2 km/kg,1495 CC,120000
Hyundai,2014,10000,Petrol,Manual,1,20.3 kmpl,998 CC,220000
Hyundai,2015,100000,Petrol,Automatic,1,16.9 kmpl,1197 CC,400000
Honda,2018,7800,Petrol,Manual,1,17.5 kmpl,1199 CC,850000
Hyundai,2009,53000,Petrol,Manual,2,20.36 kmpl,1197 CC,200000
Hyundai,2017,50000,Petrol,Manual,2,21.1 kmpl,814 CC,280000
Maruti,2017,58559,Diesel,Manual,1,25.2 kmpl,1248 CC,693000
Maruti,2013,97000,Diesel,Manual,1,22.9 kmpl,1248 CC,360000
Maruti,2017,80000,Diesel,Manual,1,28.09 kmpl,1248 CC,860000
Maruti,2011,50000,Petrol,Manual,1,19.7 kmpl,796 CC,175000
Hyundai,2003,200000,Diesel,Manual,2,13.1 kmpl,1493 CC,108000
Hyundai,2011,80000,Petrol,Manual,2,20.36 kmpl,1197 CC,225000
Chevrolet,2015,120000,Diesel,Manual,1,18.2 kmpl,1248 CC,370000
Maruti,2008,80000,Diesel,Manual,2,19.3 kmpl,1248 CC,190000
Maruti,2012,60000,Petrol,Manual,2,19.7 kmpl,796 CC,185000
Nissan,2012,90000,Diesel,Manual,1,21.64 kmpl,1461 CC,300000
Maruti,2007,35000,Petrol,Manual,2,19.7 kmpl,796 CC,140000
Datsun,2016,35000,Petrol,Manual,1,22.7 kmpl,799 CC,260000
Renault,2014,188000,Diesel,Manual,2,19.01 kmpl,1461 CC,409999
Hyundai,2016,45000,Petrol,Manual,1,18.9 kmpl,1197 CC,525000
Honda,2018,24265,Petrol,Manual,1,18.7 kmpl,1199 CC,675000
Maruti,2004,90000,Petrol,Manual,3,18.9 kmpl,998 CC,33351
Renault,2019,25000,Petrol,Manual,1,23.01 kmpl,999 CC,390000
Hyundai,2011,80000,Petrol,Manual,1,17.0 kmpl,1197 CC,315000
Mahindra,2014,82500,Diesel,Manual,2,15.96 kmpl,2523 CC,600000
Mahindra,2015,24700,Diesel,Manual,1,16.0 kmpl,2179 CC,1000000
Maruti,2013,35000,Petrol,Manual,2,19.1 kmpl,1197 CC,459999
Tata,2018,22000,Petrol,Manual,1,20.3 kmpl,1199 CC,400000
Maruti,2010,155000,Petrol,Manual,3,18.9 kmpl,998 CC,150000
Mahindra,2012,121779,Diesel,Manual,1,12.05 kmpl,2179 CC,532000
Mahindra,2011,70000,Diesel,Manual,2,10.5 kmpl,2609 CC,441000
Renault,2019,6500,Petrol,Manual,1,20.0 kmpl,999 CC,700000
Maruti,2018,35000,Diesel,Manual,1,27.39 kmpl,1248 CC,750000
Mahindra,2009,110000,Diesel,Manual,1,13.6 kmpl,2523 CC,310000
Fiat,2003,50000,Petrol,Manual,2,,,70000
Mahindra,2010,77088,Diesel,Manual,1,14.0 kmpl,2489 CC,465000
Toyota,2006,192000,Diesel,Manual,4,12.8 kmpl,2494 CC,450000
Maruti,2017,9000,Petrol,Manual,1,16.8 kmpl,796 CC,260000
Renault,2012,75000,Diesel,Manual,1,23.08 kmpl,1461 CC,220000
Maruti,2013,170000,Diesel,Manual,1,22.9 kmpl,1248 CC,355000
Maruti,2017,100000,Diesel,Manual,1,23.65 kmpl,1248 CC,600000
Maruti,2007,74800,Petrol,Manual,2,18.2 kmpl,998 CC,160000
BMW,2010,60000,Diesel,Automatic,1,16.73 kmpl,1995 CC,1000000
Hyundai,2014,65000,Petrol,Manual,1,19.1 kmpl,1197 CC,500000
Tata,2019,15000,Diesel,Manual,1,17.0 kmpl,1956 CC,1700000
Volkswagen,2013,50000,Petrol,Manual,4,16.47 kmpl,1198 CC,350000
Hyundai,2012,53000,Diesel,Manual,2,23.0 kmpl,1396 CC,500000
Maruti,2016,150000,Diesel,Manual,1,26.59 kmpl,1248 CC,600000
Hyundai,2012,48000,CNG,Manual,1,13.2 km/kg,1495 CC,275000
Maruti,2017,15381,Diesel,Manual,1,24.3 kmpl,1248 CC,800000
Mercedes-Benz,2018,18000,Petrol,Automatic,1,15.04 kmpl,1991 CC,2550000
Ford,2012,70000,Diesel,Manual,4,20.0 kmpl,1399 CC,140000
Tata,2017,35000,Petrol,Manual,1,17.57 kmpl,1193 CC,350000
Honda,2017,58000,Petrol,Automatic,1,12.0 kmpl,2354 CC,1825000
Tata,2017,26000,Petrol,Manual,1,23.84 kmpl,1199 CC,400000
Hyundai,2018,25000,Petrol,Automatic,1,17.4 kmpl,1197 CC,800000
Hyundai,2019,30000,Petrol,Manual,1,20.3 kmpl,1086 CC,420000
Renault,2013,100000,Diesel,Manual,3,20.45 kmpl,1461 CC,325000
Chevrolet,2009,120000,Petrol,Manual,3,18.0 kmpl,995 CC,95000
Maruti,2016,50000,Petrol,Automatic,1,21.4 kmpl,1197 CC,650000
Hyundai,2018,25000,Petrol,Manual,1,21.1 kmpl,814 CC,380000
Maruti,2017,23000,Petrol,Manual,1,24.7 kmpl,796 CC,325000
Maruti,2017,29000,Petrol,Automatic,1,20.51 kmpl,998 CC,380000
Toyota,2015,80000,Diesel,Manual,2,23.59 kmpl,1364 CC,525000
Toyota,2017,36000,Diesel,Manual,1,13.68 kmpl,2393 CC,1789999
Mahindra,2019,80000,Diesel,Manual,1,0.0 kmpl,2523 CC,722000
Mahindra,2013,85036,Diesel,Manual,2,15.1 kmpl,2179 CC,900000
Tata,2018,55000,Petrol,Automatic,1,21.9 kmpl,624 CC,250000
Ford,2011,84000,Diesel,Manual,2,20.0 kmpl,1399 CC,210000
Maruti,2013,80000,CNG,Manual,2,32.52 km/kg,998 CC,270000
Toyota,2016,140000,Diesel,Manual,1,12.99 kmpl,2494 CC,1200000
Mahindra,2015,80000,Diesel,Manual,2,15.4 kmpl,2179 CC,950000
Maruti,2019,20000,Diesel,Manual,1,28.4 kmpl,1248 CC,690000
Maruti,2013,25000,Petrol,Manual,1,20.92 kmpl,998 CC,215000
Hyundai,2016,45000,Diesel,Automatic,2,16.38 kmpl,1995 CC,1950000
Isuzu,2019,30000,Diesel,Automatic,1,12.4 kmpl,1999 CC,1900000
Hyundai,2017,20000,Petrol,Manual,2,21.1 kmpl,814 CC,350000
Maruti,2012,60000,Petrol,Manual,1,19.0 kmpl,998 CC,275000
Renault,2018,35000,Petrol,Manual,1,23.01 kmpl,999 CC,409999
Hyundai,2009,70000,Petrol,Manual,2,20.36 kmpl,1197 CC,199000
Tata,2017,26766,Diesel,Manual,1,21.5 kmpl,1497 CC,919999
Hyundai,2012,107825,Diesel,Manual,2,21.9 kmpl,1396 CC,320000
Volkswagen,2011,120000,Diesel,Manual,3,20.54 kmpl,1598 CC,260000
Hyundai,2014,65000,Petrol,Manual,1,20.36 kmpl,1197 CC,300000
Mahindra,2015,170000,Diesel,Manual,1,15.4 kmpl,2179 CC,885000
Hyundai,2014,70000,Petrol,Manual,2,21.1 kmpl,814 CC,170000
Maruti,2019,5500,Petrol,Manual,1,15.37 kmpl,1196 CC,359000
Hyundai,2014,90000,Petrol,Manual,2,18.9 kmpl,1197 CC,400000
Ford,2011,55130,Diesel,Manual,2,20.0 kmpl,1399 CC,250000
Volkswagen,2012,12000,Petrol,Manual,2,15.04 kmpl,1598 CC,535000
Skoda,2005,120000,Diesel,Manual,3,16.4 kmpl,1896 CC,250000
Hyundai,2019,13000,Petrol,Manual,1,18.9 kmpl,1197 CC,570000
Honda,2016,54000,Petrol,Manual,1,18.7 kmpl,1199 CC,625000
Mahindra,2011,218000,Diesel,Manual,1,21.0 kmpl,1461 CC,180000
Hyundai,2013,25000,Petrol,Manual,1,18.5 kmpl,1197 CC,380000
Hyundai,2015,35000,Petrol,Manual,1,18.6 kmpl,1197 CC,630000
Hyundai,2019,18000,Petrol,Manual,1,18.6 kmpl,1197 CC,690000
Datsun,2018,10000,Petrol,Manual,1,19.83 kmpl,1198 CC,400000
Volkswagen,2015,120000,Diesel,Manual,2,20.34 kmpl,1498 CC,515000
Hyundai,2019,5000,Petrol,Manual,1,17.0 kmpl,1591 CC,1149000
Toyota,2013,67000,Diesel,Manual,1,23.59 kmpl,1364 CC,450000
Tata,2012,68240,Diesel,Manual,1,13.93 kmpl,2956 CC,450000
Renault,2019,15000,Petrol,Manual,1,23.01 kmpl,999 CC,420000
Maruti,2016,70000,Diesel,Manual,2,28.09 kmpl,1248 CC,715000
Tata,2012,188000,Diesel,Manual,2,14.0 kmpl,2179 CC,250000
Hyundai,2017,30000,Petrol,Manual,1,18.6 kmpl,1197 CC,650000
Tata,2012,67500,Diesel,Manual,1,12.2 kmpl,1948 CC,200000
Mahindra,2011,50000,Diesel,Manual,3,12.05 kmpl,2179 CC,600000
Hyundai,2016,40000,Petrol,Manual,1,17.43 kmpl,1396 CC,650000
Mahindra,2016,71000,Diesel,Manual,1,18.49 kmpl,1493 CC,750000
Maruti,2017,25000,Petrol,Manual,1,21.63 kmpl,998 CC,395000
Hyundai,2010,90000,Petrol,Manual,3,20.36 kmpl,1197 CC,170000
Datsun,2017,60000,Petrol,Manual,1,22.5 kmpl,999 CC,220000
Toyota,2018,50000,Diesel,Manual,1,14.24 kmpl,2755 CC,3200000
Hyundai,2018,40000,Diesel,Manual,1,22.0 kmpl,1582 CC,1200000
Mahindra,2016,103000,Diesel,Manual,1,16.5 kmpl,1493 CC,700000
Tata,2017,35000,Diesel,Manual,1,17.6 kmpl,2179 CC,1251000
Tata,2018,35000,Diesel,Manual,1,21.5 kmpl,1497 CC,700000
Hyundai,2012,90000,Diesel,Manual,2,21.9 kmpl,1396 CC,360000
Toyota,2000,250000,Diesel,Manual,4,,,100000
Honda,2015,50000,Diesel,Manual,1,25.8 kmpl,1498 CC,440000
Maruti,2012,51000,Petrol,Manual,1,16.1 kmpl,796 CC,100000
Ford,2011,80000,Petrol,Manual,2,16.6 kmpl,1388 CC,240000
Tata,2009,120000,Diesel,Manual,2,18.8 kmpl,1248 CC,180000
Maruti,2012,100000,CNG,Manual,2,26.2 km/kg,998 CC,300000
Hyundai,2016,77150,Diesel,Automatic,1,17.01 kmpl,1582 CC,1050000
Honda,2015,120000,Petrol,Manual,2,17.4 kmpl,1497 CC,525000
Maruti,2009,60000,Petrol,Manual,3,18.9 kmpl,1061 CC,114999
Maruti,2019,30000,Diesel,Manual,1,28.4 kmpl,1248 CC,700000
Maruti,2012,110000,Diesel,Manual,1,19.3 kmpl,1248 CC,340000
Maruti,2009,59000,Petrol,Manual,2,19.7 kmpl,796 CC,170000
Hyundai,2017,30000,Petrol,Manual,1,21.1 kmpl,814 CC,340000
Hyundai,2014,150360,Diesel,Manual,1,22.32 kmpl,1582 CC,645000
Tata,2016,120000,Diesel,Manual,1,14.1 kmpl,2179 CC,900000
Hyundai,2017,60000,Diesel,Manual,1,24.0 kmpl,1186 CC,550000
Hyundai,2015,70000,Diesel,Manual,1,22.54 kmpl,1396 CC,650000
Hyundai,2018,20000,Petrol,Manual,1,18.6 kmpl,1197 CC,655000
Hyundai,2005,60000,Petrol,Manual,2,,,85000
Maruti,2012,110000,Petrol,Manual,1,19.7 kmpl,796 CC,160000
Maruti,2010,143000,Petrol,Manual,1,17.5 kmpl,1298 CC,240000
Maruti,2017,15000,Petrol,Manual,1,24.7 kmpl,796 CC,295000
Renault,2016,7000,Diesel,Manual,1,21.04 kmpl,1461 CC,620000
Chevrolet,2011,60000,Petrol,Manual,2,14.49 kmpl,1399 CC,130000
Maruti,2012,72000,Diesel,Manual,1,21.5 kmpl,1248 CC,600000
Maruti,2013,90000,Petrol,Manual,2,18.9 kmpl,998 CC,300000
Tata,2006,77000,Diesel,Manual,1,,,170000
Tata,2012,120000,Diesel,Manual,2,19.0 kmpl,1405 CC,135000
Maruti,2017,28832,Diesel,Manual,1,23.4 kmpl,1248 CC,520000
Maruti,2019,27000,Petrol,Manual,1,23.95 kmpl,998 CC,360000
Fiat,2016,100000,Diesel,Manual,1,20.5 kmpl,1248 CC,360000
Tata,2017,40000,Petrol,Manual,1,23.84 kmpl,1199 CC,400000
Mahindra,1997,100000,Diesel,Manual,4,,,160000
Mahindra,2012,101903,Diesel,Manual,2,12.05 kmpl,2179 CC,560000
Mahindra,2008,120000,Diesel,Manual,2,13.6 kmpl,2523 CC,190000
Tata,2019,10000,Petrol,Manual,1,24.0 kmpl,1199 CC,550000
Mahindra,2018,22053,Diesel,Manual,1,16.36 kmpl,2179 CC,1325000
Hyundai,2019,9400,Petrol,Manual,1,18.6 kmpl,1197 CC,721000
Maruti,2016,120000,Diesel,Manual,1,23.2 kmpl,1248 CC,409999
Maruti,2010,110000,Diesel,Manual,4,17.8 kmpl,1248 CC,350000
Hyundai,2016,30000,Diesel,Manual,1,24.0 kmpl,1120 CC,480000
Chevrolet,2008,120000,Diesel,Manual,2,16.52 kmpl,1991 CC,225000
Mitsubishi,2016,120000,Diesel,Manual,1,13.5 kmpl,2477 CC,1950000
Maruti,2015,25000,Petrol,Manual,1,22.74 kmpl,796 CC,260000
Maruti,2012,62000,Petrol,Manual,1,14.0 kmpl,796 CC,160000
Maruti,2017,80000,Diesel,Manual,1,24.52 kmpl,1248 CC,720000
Audi,2014,230000,Diesel,Automatic,1,15.73 kmpl,1968 CC,1200000
Maruti,2011,65000,Petrol,Automatic,3,12.6 kmpl,1586 CC,260000
Tata,2011,54000,Diesel,Manual,2,18.4 kmpl,1248 CC,130000
Maruti,2016,25000,Petrol,Manual,1,20.51 kmpl,998 CC,350000
Maruti,2017,10000,Petrol,Automatic,1,23.95 kmpl,998 CC,400000
Maruti,2011,80000,CNG,Manual,1,26.3 km/kg,998 CC,200000
Maruti,1999,40000,Petrol,Manual,2,16.1 kmpl,796 CC,40000
Volkswagen,2016,120000,Petrol,Manual,2,16.2 kmpl,1199 CC,375000
Hyundai,2016,120000,Diesel,Manual,1,24.4 kmpl,1120 CC,509999
Hyundai,2020,5000,Petrol,Automatic,1,20.7 kmpl,1197 CC,675000
Maruti,2004,120000,Petrol,Manual,3,18.9 kmpl,998 CC,120000
Hyundai,2005,200000,Diesel,Manual,2,13.1 kmpl,1493 CC,200000
Hyundai,2012,60000,CNG,Manual,1,19.2 km/kg,1086 CC,300000
Maruti,2009,50000,Petrol,Manual,2,18.9 kmpl,1061 CC,135000
Maruti,2015,90000,Diesel,Manual,3,20.77 kmpl,1248 CC,600000
Hyundai,2017,20000,Petrol,Manual,1,21.1 kmpl,814 CC,350000
Maruti,2016,50000,Petrol,Manual,1,22.74 kmpl,796 CC,262000
Renault,2016,60000,Petrol,Manual,1,25.17 kmpl,799 CC,315000
Maruti,2017,70000,Petrol,Manual,1,20.51 kmpl,998 CC,400000
Maruti,2013,58000,Diesel,Manual,1,23.4 kmpl,1248 CC,520000
Maruti,2012,100000,Diesel,Manual,1,19.3 kmpl,1248 CC,371000
Hyundai,2017,56290,Diesel,Manual,1,24.0 kmpl,1186 CC,450000
Mahindra,2016,60000,Diesel,Manual,1,18.49 kmpl,1493 CC,530000
Maruti,2010,53000,Petrol,Manual,2,21.1 kmpl,1197 CC,180000
Maruti,2015,70000,Diesel,Manual,1,20.77 kmpl,1248 CC,580000
Maruti,2014,30000,Petrol,Manual,2,22.74 kmpl,796 CC,229999
Maruti,2013,90000,Petrol,Manual,1,22.74 kmpl,796 CC,200000
Mahindra,2018,31000,Diesel,Manual,1,25.32 kmpl,1198 CC,420000
Chevrolet,2013,90000,Diesel,Manual,3,25.44 kmpl,936 CC,145000
Maruti,2010,120000,Diesel,Manual,2,19.3 kmpl,1248 CC,310000
Toyota,2016,90000,Diesel,Automatic,1,15.04 kmpl,2755 CC,3100000
Volkswagen,2010,100000,Diesel,Manual,1,15.0 kmpl,1896 CC,400000
Mahindra,2008,112000,Diesel,Manual,1,10.5 kmpl,2609 CC,450000
Tata,2012,40000,Diesel,Manual,1,23.57 kmpl,1396 CC,300000
Skoda,2018,40000,Diesel,Automatic,1,16.25 kmpl,1968 CC,2800000
Tata,2019,2000,Diesel,Manual,1,27.28 kmpl,1047 CC,670000
Mahindra,2013,80000,Diesel,Manual,1,15.96 kmpl,2523 CC,400000
Tata,2006,120000,Diesel,Manual,3,16.8 kmpl,1405 CC,85000
Tata,2016,50000,Diesel,Manual,1,22.95 kmpl,1248 CC,475000
Tata,2010,96443,Diesel,Manual,2,11.57 kmpl,2179 CC,535000
Tata,2018,35000,Petrol,Manual,1,24.0 kmpl,1199 CC,515000
Maruti,2016,65755,Petrol,Manual,1,21.4 kmpl,1197 CC,480000
Hyundai,2015,60000,Diesel,Manual,1,22.54 kmpl,1396 CC,550000
Maruti,2017,50000,Diesel,Manual,1,24.52 kmpl,1248 CC,750000
Maruti,2014,90000,Diesel,Manual,1,20.77 kmpl,1248 CC,650000
Hyundai,2004,90000,Petrol,Automatic,2,,,80000
Maruti,2020,5000,Petrol,Manual,1,22.05 kmpl,796 CC,350000
Ford,2015,80000,Diesel,Manual,1,25.01 kmpl,1498 CC,590000
Maruti,2009,50000,Petrol,Manual,1,19.0 kmpl,998 CC,185000
Ford,2019,2789,Petrol,Manual,1,18.16 kmpl,1196 CC,675000
Tata,2016,45775,Petrol,Manual,1,23.84 kmpl,1199 CC,252999
Maruti,2011,97500,Petrol,Manual,1,,,204999
Ford,2016,80000,Diesel,Automatic,1,10.91 kmpl,3198 CC,2100000
Hyundai,2017,40000,Diesel,Manual,1,21.38 kmpl,1396 CC,1100000
Hyundai,2014,53000,Petrol,Manual,1,20.36 kmpl,1197 CC,275000
Mahindra,2019,25000,Petrol,Manual,1,18.15 kmpl,1198 CC,400000
Ford,2018,90000,Petrol,Manual,1,17.0 kmpl,1497 CC,850000
Renault,2013,120000,Diesel,Manual,1,21.64 kmpl,1461 CC,434999
Hyundai,2015,70000,Diesel,Manual,1,24.4 kmpl,1120 CC,480000
Maruti,2015,30000,Petrol,Manual,1,20.85 kmpl,1197 CC,511000
Tata,2005,100000,Diesel,Manual,4,,,60000
Hyundai,2018,31800,Petrol,Manual,1,18.6 kmpl,1197 CC,650000
Tata,2015,155000,Diesel,Manual,2,22.3 kmpl,1248 CC,250000
Tata,2011,140000,Diesel,Manual,2,11.57 kmpl,2179 CC,229999
Honda,2006,120000,Petrol,Manual,2,16.9 kmpl,1497 CC,150000
Ford,2018,15000,Petrol,Manual,1,20.4 kmpl,1194 CC,620000
Maruti,2015,60000,Petrol,Manual,1,22.74 kmpl,796 CC,236000
Nissan,2017,55000,Diesel,Automatic,1,19.61 kmpl,1461 CC,850000
Chevrolet,2012,70000,Petrol,Manual,2,16.2 kmpl,995 CC,80000
Chevrolet,2013,65000,Diesel,Manual,1,14.6 kmpl,2231 CC,667000
Maruti,2008,149000,Diesel,Manual,2,19.3 kmpl,1248 CC,270000
Hyundai,2016,38000,Petrol,Manual,1,18.6 kmpl,1197 CC,540000
Hyundai,2015,62000,Diesel,Manual,2,24.4 kmpl,1120 CC,509999
Mahindra,2008,110000,Diesel,Manual,1,12.7 kmpl,2609 CC,400000
Maruti,2012,120000,Petrol,Automatic,1,17.4 kmpl,1197 CC,420000
Ford,2015,50000,Petrol,Manual,1,15.85 kmpl,1499 CC,680000
Maruti,2017,25000,Diesel,Manual,1,24.3 kmpl,1248 CC,880000
Mahindra,2016,30000,Diesel,Manual,2,17.21 kmpl,1493 CC,403000
Ford,2017,77524,Diesel,Manual,1,22.7 kmpl,1498 CC,875000
Maruti,2018,20000,Petrol,Manual,1,24.7 kmpl,796 CC,295000
Maruti,2008,152500,Diesel,Manual,1,17.8 kmpl,1248 CC,235000
Maruti,2017,45000,Petrol,Manual,1,23.95 kmpl,998 CC,340000
Maruti,2014,50000,Petrol,Manual,1,20.4 kmpl,1197 CC,400000
Hyundai,2015,58000,Petrol,Manual,1,17.19 kmpl,1197 CC,500000
Tata,2018,30000,Diesel,Manual,1,17.6 kmpl,2179 CC,1575000
Nissan,2015,61000,Diesel,Manual,2,22.71 kmpl,1461 CC,499000
Maruti,2003,70000,Petrol,Manual,4,18.9 kmpl,998 CC,65000
Maruti,2016,35000,Petrol,Manual,2,21.4 kmpl,1197 CC,650000
Maruti,2006,198000,Petrol,Manual,2,18.9 kmpl,998 CC,65000
Hyundai,2014,100000,Petrol,Manual,1,19.81 kmpl,1086 CC,300000
Maruti,2017,40000,Diesel,Manual,1,24.3 kmpl,1248 CC,869999
Maruti,2011,50000,Diesel,Manual,1,,,295000
Maruti,2013,50000,Petrol,Manual,2,22.74 kmpl,796 CC,210000
Volkswagen,2012,60000,Diesel,Manual,3,20.5 kmpl,1598 CC,400000
Hyundai,2012,28000,Petrol,Manual,1,19.81 kmpl,1086 CC,290000
Maruti,2018,50000,Diesel,Automatic,1,28.4 kmpl,1248 CC,851000
Ford,2014,101504,Diesel,Manual,1,22.7 kmpl,1498 CC,750000
Volkswagen,2010,120000,Petrol,Manual,2,14.3 kmpl,1798 CC,300000
Honda,2016,110000,Diesel,Manual,1,26.0 kmpl,1498 CC,700000
Chevrolet,2015,80000,Diesel,Manual,2,13.58 kmpl,2499 CC,600000
Ford,2017,43235,Diesel,Manual,1,24.29 kmpl,1498 CC,600000
Maruti,2011,55403,Petrol,Manual,1,18.6 kmpl,1197 CC,277000
Tata,2019,14000,Petrol,Manual,1,20.3 kmpl,1199 CC,520000
Hyundai,2003,74770,CNG,Manual,3,,,130000
Hyundai,2015,30000,Petrol,Manual,1,19.1 kmpl,1197 CC,380000
Maruti,2011,65000,Petrol,Automatic,3,12.6 kmpl,1586 CC,220000
Hyundai,2011,60000,Petrol,Manual,2,20.36 kmpl,1197 CC,235000
Nissan,2017,26000,Petrol,Automatic,1,19.34 kmpl,1198 CC,500000
Tata,2011,80000,Diesel,Manual,2,11.57 kmpl,2179 CC,300000
Maruti,2011,50000,Petrol,Manual,3,20.92 kmpl,998 CC,140000
Maruti,2018,22000,Petrol,Manual,1,24.7 kmpl,796 CC,285000
Toyota,2008,260000,Diesel,Manual,1,12.8 kmpl,2494 CC,700000
Maruti,2008,90000,Diesel,Manual,2,17.8 kmpl,1248 CC,260000
Hyundai,2012,100000,Diesel,Manual,2,22.32 kmpl,1582 CC,360000
Maruti,2019,10000,Petrol,Manual,1,20.52 kmpl,1197 CC,490000
Mahindra,2011,120000,Diesel,Manual,1,13.6 kmpl,2523 CC,280000
Mercedes-Benz,2018,46000,Diesel,Manual,1,15.8 kmpl,2148 CC,2950000
Tata,2017,70000,Diesel,Manual,1,22.95 kmpl,1248 CC,540000
Maruti,2015,35000,Petrol,Manual,2,20.4 kmpl,1197 CC,450000
Volkswagen,2016,60000,Diesel,Manual,1,21.49 kmpl,1498 CC,591000
BMW,2020,5000,Diesel,Automatic,1,13.38 kmpl,2993 CC,7200000
Mahindra,2011,80000,Diesel,Manual,2,12.05 kmpl,2179 CC,550000
Chevrolet,2011,70000,Diesel,Manual,2,25.44 kmpl,936 CC,165000
Renault,2015,80000,Diesel,Manual,1,21.04 kmpl,1461 CC,690000
Tata,2012,80000,Diesel,Manual,1,21.02 kmpl,1248 CC,270000
Maruti,2013,63000,Diesel,Manual,1,23.4 kmpl,1248 CC,430000
Hyundai,2005,85000,Petrol,Manual,1,15.3 kmpl,1341 CC,65000
Chevrolet,2014,80000,Petrol,Manual,1,13.7 kmpl,1399 CC,312000
Maruti,2017,40000,Diesel,Manual,1,24.52 kmpl,1248 CC,850000
Honda,2015,80000,Diesel,Manual,2,26.0 kmpl,1498 CC,611000
Chevrolet,2015,197000,Diesel,Manual,1,13.58 kmpl,2499 CC,509999
Maruti,2016,65000,Petrol,Manual,2,22.74 kmpl,796 CC,260000
Hyundai,2019,15000,Petrol,Manual,1,18.9 kmpl,1197 CC,488999
Hyundai,2018,71500,Diesel,Manual,1,22.54 kmpl,1396 CC,825000
Tata,2012,80000,Diesel,Manual,4,19.09 kmpl,1396 CC,140000
Hyundai,2017,27000,Diesel,Manual,2,19.67 kmpl,1582 CC,1150000
Hyundai,2015,36000,Petrol,Manual,1,17.19 kmpl,1197 CC,500000
Chevrolet,2012,70000,Petrol,Manual,3,18.6 kmpl,1199 CC,120000
Maruti,2017,20000,Petrol,Manual,1,21.21 kmpl,1197 CC,550000
Honda,2014,56000,Petrol,Manual,1,17.4 kmpl,1497 CC,650000
Maruti,2008,120000,Diesel,Manual,4,,,225000
Chevrolet,2015,40000,Petrol,Manual,1,18.2 kmpl,1199 CC,371000
Fiat,2013,90000,Diesel,Manual,1,20.3 kmpl,1248 CC,400000
Toyota,2016,52000,Diesel,Automatic,1,12.55 kmpl,2982 CC,1750000
Ford,2006,114321,Diesel,Manual,2,17.8 kmpl,1399 CC,180000
Maruti,2015,51000,Petrol,Manual,1,22.0 kmpl,1197 CC,475000
Hyundai,2008,110000,Diesel,Manual,2,18.1 kmpl,1493 CC,250000
Mahindra,2013,80000,Diesel,Manual,2,15.1 kmpl,2179 CC,750000
Volkswagen,2017,50000,Diesel,Manual,1,22.27 kmpl,1498 CC,750000
Chevrolet,2011,35000,Petrol,Manual,1,18.0 kmpl,995 CC,150000
Maruti,2008,70000,Petrol,Manual,3,19.7 kmpl,796 CC,120000
Maruti,2019,10000,Diesel,Manual,1,28.4 kmpl,1248 CC,754000
Hyundai,2015,40000,Diesel,Automatic,1,17.6 kmpl,1582 CC,910000
Maruti,2017,50000,Petrol,Manual,1,16.8 kmpl,796 CC,200000
Maruti,2009,63000,Petrol,Manual,3,,,155000
Toyota,2013,35000,Diesel,Manual,1,12.99 kmpl,2494 CC,400000
Honda,2015,46000,Diesel,Manual,1,24.5 kmpl,1498 CC,1000000
Maruti,2006,70000,Petrol,Manual,2,15.9 kmpl,1298 CC,135000
Maruti,2014,90000,Diesel,Manual,1,23.4 kmpl,1248 CC,600000
Honda,2016,41000,Petrol,Manual,1,18.7 kmpl,1199 CC,500000
Volkswagen,2013,80000,Diesel,Manual,1,22.07 kmpl,1199 CC,360000
Mahindra,2013,80000,Diesel,Manual,2,12.05 kmpl,2179 CC,530000
Maruti,2017,18484,Petrol,Manual,1,20.89 kmpl,1197 CC,620000
Tata,2013,100000,Diesel,Manual,1,22.3 kmpl,1248 CC,325000
Audi,2010,55000,Petrol,Automatic,2,12.3 kmpl,1781 CC,730000
Renault,2015,60000,Diesel,Manual,1,20.45 kmpl,1461 CC,550000
Tata,2018,100000,Petrol,Manual,1,23.84 kmpl,1199 CC,325000
Chevrolet,2012,40000,Petrol,Manual,2,18.6 kmpl,1199 CC,124000
Tata,2009,113000,Petrol,Manual,1,15.3 kmpl,1193 CC,110000
Jeep,2019,5000,Petrol,Automatic,1,16.0 kmpl,1368 CC,2100000
Hyundai,2017,70000,Petrol,Manual,1,18.9 kmpl,1197 CC,459999
Mahindra,2015,40000,Diesel,Manual,1,15.96 kmpl,2523 CC,600000
Maruti,2005,39000,Petrol,Manual,1,19.7 kmpl,796 CC,55000
Mahindra,2017,60000,Diesel,Manual,1,16.5 kmpl,1493 CC,690000
Hyundai,2006,120000,Petrol,Automatic,1,13.1 kmpl,1795 CC,140000
Maruti,2018,15000,Petrol,Automatic,1,20.89 kmpl,1197 CC,620000
Chevrolet,2017,90000,Petrol,Manual,1,17.8 kmpl,1199 CC,350000
Tata,2011,110000,Diesel,Manual,3,13.93 kmpl,2179 CC,225000
Mitsubishi,2015,160000,Diesel,Manual,2,13.5 kmpl,2477 CC,1250000
Mahindra,2014,11500,Diesel,Manual,1,15.96 kmpl,2523 CC,550000
Volkswagen,2016,35000,Petrol,Manual,1,16.2 kmpl,1199 CC,560000
Mahindra,2012,70000,Diesel,Manual,2,21.03 kmpl,1461 CC,260000
Ford,2015,80000,Diesel,Manual,2,25.01 kmpl,1498 CC,501000
Hyundai,2008,80000,Petrol,Manual,3,17.8 kmpl,1086 CC,110000
Maruti,2016,100000,Petrol,Manual,1,20.4 kmpl,1197 CC,500000
Toyota,2013,70000,Diesel,Manual,2,12.99 kmpl,2494 CC,910000
Maruti,2012,123000,Petrol,Manual,1,18.6 kmpl,1197 CC,328000
Maruti,2013,139000,Diesel,Manual,1,20.77 kmpl,1248 CC,620000
Maruti,2015,26000,Petrol,Manual,1,20.73 kmpl,1373 CC,650000
Toyota,2018,5229,Petrol,Manual,1,17.1 kmpl,1496 CC,1000000
Hyundai,2009,90000,Petrol,Manual,2,0.0 kmpl,1086 CC,120000
Tata,2000,120000,Diesel,Manual,4,12.2 kmpl,1948 CC,95000
Tata,2012,40000,Petrol,Manual,2,25.4 kmpl,624 CC,60000
Hyundai,2012,40000,Diesel,Manual,2,23.0 kmpl,1396 CC,330000
Maruti,2017,60000,Diesel,Manual,1,28.09 kmpl,1248 CC,650000
Maruti,1999,50000,Petrol,Manual,2,16.1 kmpl,796 CC,40000
Renault,2012,55735,Diesel,Manual,2,19.01 kmpl,1461 CC,480000
Maruti,2011,18500,Petrol,Manual,1,18.5 kmpl,1197 CC,229999
Ford,2017,40000,Diesel,Manual,4,22.77 kmpl,1498 CC,625000
Maruti,2013,150000,Diesel,Manual,1,23.4 kmpl,1248 CC,470000
Hyundai,2014,70000,Petrol,Manual,1,17.1 kmpl,1591 CC,500000
Volkswagen,2013,80000,Diesel,Manual,1,22.07 kmpl,1199 CC,350000
Mahindra,2018,50000,Diesel,Manual,1,23.5 kmpl,909 CC,400000
Renault,2013,67000,Diesel,Manual,2,20.4 kmpl,1461 CC,580000
Maruti,2000,180000,Petrol,Manual,4,17.3 kmpl,993 CC,50000
Maruti,2019,50000,Diesel,Manual,1,24.52 kmpl,1248 CC,925000
Maruti,2009,120000,Diesel,Manual,3,19.3 kmpl,1248 CC,225000
Ford,2005,90000,Petrol,Manual,2,13.8 kmpl,1299 CC,120000
Toyota,2018,13534,Petrol,Manual,1,14.28 kmpl,1798 CC,1400000
Hyundai,2015,90000,Diesel,Manual,1,22.54 kmpl,1396 CC,500000
BMW,2012,155000,Diesel,Automatic,2,16.07 kmpl,1995 CC,900000
Maruti,2010,110000,Diesel,Manual,3,17.8 kmpl,1248 CC,340000
Maruti,2017,68850,Petrol,Manual,1,18.9 kmpl,998 CC,352000
Tata,2016,120000,Diesel,Manual,1,22.95 kmpl,1248 CC,320000
Maruti,2020,15000,Diesel,Manual,1,24.3 kmpl,1248 CC,810000
Chevrolet,2011,80000,Petrol,Manual,1,18.0 kmpl,995 CC,150000
Honda,2008,110000,Petrol,Manual,2,17.7 kmpl,1497 CC,200000
Maruti,2014,50000,Petrol,Manual,1,22.74 kmpl,796 CC,235000
Toyota,2014,95000,Diesel,Manual,1,12.99 kmpl,2494 CC,680000
Hyundai,2012,20000,Petrol,Manual,1,21.1 kmpl,814 CC,140000
Toyota,2010,100000,Diesel,Manual,2,12.8 kmpl,2494 CC,475000
Toyota,2003,149032,Diesel,Manual,1,,,200000
Datsun,2016,40000,Petrol,Manual,1,20.63 kmpl,1198 CC,335000
Maruti,2012,90000,Petrol,Manual,3,20.92 kmpl,998 CC,170000
Hyundai,2017,30000,Petrol,Manual,1,18.6 kmpl,1197 CC,630000
Hyundai,2012,35000,Petrol,Manual,1,17.0 kmpl,1197 CC,350000
Mahindra,2015,110000,Diesel,Manual,1,14.95 kmpl,2489 CC,400000
Hyundai,2017,70000,Diesel,Manual,2,24.4 kmpl,1120 CC,550000
Maruti,2015,70000,Diesel,Manual,1,20.77 kmpl,1248 CC,650000
Ford,2015,40000,Diesel,Manual,1,22.77 kmpl,1498 CC,600000
Ford,2015,79000,Diesel,Manual,2,25.83 kmpl,1498 CC,530000
Maruti,2015,78000,Diesel,Manual,1,,,475000
Maruti,2014,25000,Petrol,Manual,1,22.74 kmpl,796 CC,250000
Ford,2015,40000,Petrol,Automatic,1,17.01 kmpl,1499 CC,416000
Tata,2013,30000,Petrol,Manual,1,25.4 kmpl,624 CC,80000
Ford,2018,50699,Diesel,Manual,1,22.77 kmpl,1498 CC,925000
Maruti,2015,40000,Petrol,Manual,2,20.51 kmpl,998 CC,350000
Renault,2016,60000,Petrol,Manual,1,25.17 kmpl,799 CC,275000
Maruti,2015,110000,Diesel,Manual,1,26.59 kmpl,1248 CC,440000
Maruti,2006,60000,Petrol,Manual,2,19.7 kmpl,796 CC,85000
Maruti,2014,46100,Petrol,Manual,1,16.02 kmpl,1373 CC,599000
Volkswagen,2019,10000,Petrol,Manual,1,17.0 kmpl,1198 CC,640000
Maruti,2016,70000,Petrol,Manual,2,16.8 kmpl,796 CC,190000
Maruti,2015,80000,Diesel,Manual,1,26.59 kmpl,1248 CC,459999
Tata,2012,60000,Diesel,Manual,1,22.3 kmpl,1248 CC,175000
Ford,2011,80000,Diesel,Manual,3,20.0 kmpl,1399 CC,155000
Hyundai,2016,100000,Diesel,Manual,1,22.54 kmpl,1396 CC,700000
Ford,2015,140000,Diesel,Manual,1,20.0 kmpl,1399 CC,300000
Hyundai,2016,49200,Petrol,Manual,1,21.1 kmpl,814 CC,275000
Maruti,2015,5000,Petrol,Manual,1,20.51 kmpl,998 CC,430000
Honda,2009,105000,Petrol,Automatic,2,12.9 kmpl,1799 CC,250000
Mahindra,2017,80000,Diesel,Manual,1,25.32 kmpl,1198 CC,380000
Jeep,2017,50000,Diesel,Manual,1,17.1 kmpl,1956 CC,1550000
Datsun,2018,35000,Petrol,Manual,1,22.5 kmpl,999 CC,320000
Mahindra,2015,90000,Diesel,Manual,1,16.0 kmpl,2179 CC,819999
Maruti,2009,140000,Petrol,Manual,1,,,120000
Maruti,2017,35000,Diesel,Manual,1,28.4 kmpl,1248 CC,711000
Mahindra,2010,120000,Diesel,Manual,2,13.6 kmpl,2523 CC,421000
Tata,2017,104000,Petrol,Manual,1,15.64 kmpl,1193 CC,362000
Maruti,2014,141000,Diesel,Manual,4,25.2 kmpl,1248 CC,700000
Tata,2018,80000,Diesel,Manual,1,22.95 kmpl,1248 CC,775000
Maruti,2009,110000,Petrol,Manual,3,15.0 kmpl,1586 CC,200000
Tata,2011,25000,Petrol,Manual,2,26.0 kmpl,624 CC,46000
Mahindra,2011,70000,Diesel,Manual,2,12.05 kmpl,2179 CC,550000
Honda,2017,30400,Petrol,Manual,1,18.5 kmpl,1198 CC,480000
Hyundai,2011,35000,Petrol,Manual,1,16.36 kmpl,1495 CC,250000
Toyota,2015,40000,Diesel,Manual,1,12.99 kmpl,2494 CC,1150000
BMW,2016,12000,Diesel,Automatic,1,18.12 kmpl,1995 CC,2900000
Hyundai,2019,4701,Petrol,Manual,1,20.7 kmpl,1197 CC,550000
Maruti,2007,73257,Petrol,Manual,1,16.1 kmpl,796 CC,45000
Hyundai,2005,120000,Petrol,Manual,4,15.3 kmpl,1341 CC,95000
Ford,2011,100000,Diesel,Manual,2,20.0 kmpl,1399 CC,204999
Maruti,2012,56246,Petrol,Manual,1,18.6 kmpl,1197 CC,369000
Maruti,2014,100000,Petrol,Manual,1,23.95 kmpl,998 CC,220000
Hyundai,2017,14000,Diesel,Manual,1,22.54 kmpl,1396 CC,800000
Maruti,2014,77000,Diesel,Manual,1,28.4 kmpl,1248 CC,500000
Honda,2006,140000,Petrol,Manual,3,17.7 kmpl,1497 CC,150000
Hyundai,2011,80000,Diesel,Manual,3,22.32 kmpl,1582 CC,440000
Hyundai,2011,80000,Petrol,Manual,2,20.36 kmpl,1197 CC,235000
Tata,2015,110000,Diesel,Manual,2,19.1 kmpl,1405 CC,240000
Hyundai,2011,150000,Diesel,Manual,4,23.0 kmpl,1396 CC,380000
Maruti,2011,50000,Petrol,Manual,2,19.7 kmpl,796 CC,215000
Mahindra,2017,40000,Diesel,Manual,1,25.32 kmpl,1198 CC,690000
Toyota,2008,219000,Diesel,Manual,2,12.8 kmpl,2494 CC,500000
Maruti,2009,50000,Petrol,Manual,1,19.7 kmpl,796 CC,135000
Tata,2017,30000,Petrol,Manual,1,20.3 kmpl,1199 CC,550000
Mercedes-Benz,2013,91500,Diesel,Automatic,1,10.0 kmpl,2148 CC,1925000
Mahindra,2010,110000,Diesel,Automatic,1,11.79 kmpl,2179 CC,490000
Tata,2008,120000,Diesel,Manual,3,19.09 kmpl,1396 CC,100000
Ford,2019,9500,Petrol,Manual,1,18.16 kmpl,1196 CC,530000
Maruti,1997,120000,Petrol,Manual,2,16.1 kmpl,796 CC,50000
Hyundai,2007,70000,Petrol,Manual,3,,,100000
Volkswagen,2011,110000,Petrol,Manual,1,16.47 kmpl,1198 CC,450000
Hyundai,2015,120000,Petrol,Manual,2,18.6 kmpl,1197 CC,515000
Maruti,2008,100000,Petrol,Manual,3,17.3 kmpl,1061 CC,80000
Honda,2016,56494,Petrol,Manual,1,18.2 kmpl,1199 CC,550000
Nissan,2015,110000,Diesel,Manual,1,20.45 kmpl,1461 CC,1000000
Renault,2014,90000,Diesel,Manual,2,19.01 kmpl,1461 CC,620000
Tata,2009,80000,Diesel,Manual,1,13.93 kmpl,2179 CC,500000
Maruti,2006,80000,Petrol,Manual,1,16.1 kmpl,796 CC,81000
Mercedes-Benz,2005,120005,Diesel,Automatic,2,11.0 kmpl,2987 CC,800000
Renault,2017,80000,Diesel,Manual,2,23.08 kmpl,1461 CC,500000
Maruti,2014,40000,Petrol,Manual,1,19.1 kmpl,1197 CC,475000
Maruti,2005,70000,Petrol,Manual,4,19.7 kmpl,796 CC,125000
Honda,2017,30000,Petrol,Manual,1,17.5 kmpl,1199 CC,720000
Ashok,2013,200000,Diesel,Manual,2,20.07 kmpl,1461 CC,300000
Tata,2018,25000,Petrol,Manual,1,23.84 kmpl,1199 CC,490000
Maruti,2019,10000,Petrol,Manual,1,21.21 kmpl,1197 CC,585000
Chevrolet,2013,139000,Diesel,Manual,1,25.44 kmpl,936 CC,125000
Maruti,2017,15500,Petrol,Automatic,1,23.95 kmpl,998 CC,350000
Maruti,2016,75000,Diesel,Manual,2,26.59 kmpl,1248 CC,631000
Ford,2017,25000,Petrol,Manual,3,18.16 kmpl,1196 CC,600000
Skoda,2011,100000,Diesel,Manual,1,19.5 kmpl,1199 CC,210000
Nissan,2015,40000,Petrol,Manual,1,13.24 kmpl,1598 CC,700000
Maruti,2014,70000,Petrol,Manual,1,23.95 kmpl,998 CC,300000
Mahindra,2015,120000,Diesel,Manual,2,21.03 kmpl,1461 CC,380000
Maruti,2011,80600,Diesel,Manual,1,19.3 kmpl,1248 CC,347000
Maruti,1999,100000,Petrol,Manual,3,17.3 kmpl,993 CC,45000
Maruti,2014,90000,Diesel,Manual,1,23.4 kmpl,1248 CC,465000
Renault,2018,30000,Petrol,Manual,1,23.01 kmpl,999 CC,350000
Tata,2011,58000,Diesel,Manual,2,13.93 kmpl,2179 CC,350000
Tata,2011,120000,Diesel,Manual,1,19.4 kmpl,1405 CC,150000
Honda,2017,39000,Diesel,Manual,1,25.5 kmpl,1498 CC,885000
Maruti,2008,86000,Petrol,Manual,2,,,75000
Maruti,2011,58000,Petrol,Manual,3,16.1 kmpl,1298 CC,325000
Maruti,2014,120000,Diesel,Manual,2,23.4 kmpl,1248 CC,500000
Toyota,2014,60000,Diesel,Automatic,1,11.0 kmpl,2982 CC,3500000
Hyundai,2012,120000,Diesel,Manual,3,22.32 kmpl,1582 CC,350000
Mahindra,2011,91863,Diesel,Manual,2,15.96 kmpl,2523 CC,370000
Mahindra,2014,80000,Diesel,Manual,2,15.1 kmpl,2179 CC,750000
Mahindra,2017,60000,Diesel,Manual,1,18.49 kmpl,1493 CC,700000
Nissan,2015,80000,Petrol,Manual,1,19.49 kmpl,1198 CC,300000
Tata,2011,75000,Diesel,Manual,2,25.0 kmpl,1396 CC,165000
Skoda,2016,125000,Diesel,Manual,2,21.14 kmpl,1498 CC,650000
Hyundai,2013,49000,Petrol,Manual,2,18.5 kmpl,1197 CC,315000
Toyota,2011,197000,Diesel,Manual,1,12.8 kmpl,2494 CC,800000
Hyundai,2017,40000,Diesel,Manual,2,22.54 kmpl,1396 CC,750000
Maruti,2016,70000,Diesel,Manual,1,23.2 kmpl,1248 CC,425000
Volkswagen,2015,42000,Petrol,Manual,1,16.47 kmpl,1198 CC,455000
Maruti,2013,184000,Diesel,Manual,1,20.77 kmpl,1248 CC,600000
Hyundai,2018,25000,Diesel,Manual,1,21.38 kmpl,1396 CC,1210000
Ford,2013,90000,Diesel,Manual,2,20.0 kmpl,1399 CC,310000
Honda,2017,82000,Diesel,Manual,1,25.6 kmpl,1498 CC,975000
Maruti,2014,81000,Diesel,Manual,1,23.4 kmpl,1248 CC,438999
Hyundai,2013,90000,Petrol,Manual,2,18.5 kmpl,1197 CC,350000
Maruti,2016,40000,Diesel,Manual,1,28.09 kmpl,1248 CC,640000
Tata,2016,90000,Diesel,Manual,1,19.09 kmpl,1405 CC,370000
Mahindra,2009,120000,Petrol,Manual,1,15.7 kmpl,1390 CC,135000
Hyundai,2016,25000,Petrol,Manual,1,18.9 kmpl,1197 CC,412000
Audi,2017,70000,Diesel,Automatic,1,20.38 kmpl,1968 CC,2600000
Skoda,2007,120000,Diesel,Manual,2,18.7 kmpl,1896 CC,110000
Ford,2013,100000,Diesel,Manual,1,20.0 kmpl,1399 CC,240000
Renault,2016,20000,Petrol,Manual,1,23.01 kmpl,999 CC,220000
Maruti,2014,31000,Petrol,Manual,1,20.51 kmpl,998 CC,300000
Renault,2017,25000,Petrol,Manual,1,25.17 kmpl,799 CC,340000
Maruti,2014,35000,Petrol,Manual,1,20.52 kmpl,1197 CC,300000
Volkswagen,2013,70000,Diesel,Manual,2,22.07 kmpl,1199 CC,350000
Ford,2013,87452,Diesel,Manual,2,22.77 kmpl,1498 CC,480000
Hyundai,2013,40000,Diesel,Manual,1,21.9 kmpl,1396 CC,345000
Maruti,2017,227000,Petrol,Manual,1,17.5 kmpl,1373 CC,700000
Tata,2011,120000,Diesel,Manual,1,19.4 kmpl,1405 CC,110000
Maruti,2010,94000,Diesel,Manual,2,21.1 kmpl,1248 CC,311000
Hyundai,2014,72000,Petrol,Manual,1,18.6 kmpl,1197 CC,415000
Tata,2012,80000,Diesel,Manual,2,,,200000
Maruti,2002,120000,Petrol,Manual,1,16.1 kmpl,796 CC,120000
Honda,2017,12000,Petrol,Manual,1,17.5 kmpl,1199 CC,819999
Maruti,2007,60000,Petrol,Manual,2,19.7 kmpl,796 CC,128000
Ford,2012,120000,Diesel,Manual,3,17.8 kmpl,1399 CC,340000
Maruti,2013,188000,Diesel,Manual,2,22.9 kmpl,1248 CC,400000
Maruti,2005,100000,Petrol,Manual,4,19.7 kmpl,796 CC,90000
Toyota,2011,181000,Diesel,Manual,2,11.5 kmpl,2982 CC,1150000
Maruti,2015,40000,Diesel,Manual,2,27.62 kmpl,793 CC,340000
Mahindra,2017,66953,Diesel,Manual,1,16.0 kmpl,2179 CC,1500000
Mahindra,2012,110000,Diesel,Manual,1,21.03 kmpl,1461 CC,260000
Maruti,2005,90000,Petrol,Manual,2,19.7 kmpl,796 CC,110000
Tata,2008,110000,Diesel,Manual,3,14.4 kmpl,2179 CC,270000
Maruti,2015,120000,Diesel,Manual,2,26.21 kmpl,1248 CC,600000
Mercedes-Benz,2018,6000,Diesel,Automatic,1,17.9 kmpl,2143 CC,4600000
Datsun,2015,71850,Petrol,Manual,1,20.63 kmpl,1198 CC,225000
Mahindra,2016,90000,Diesel,Manual,2,15.96 kmpl,2523 CC,625000
Maruti,2009,90000,Petrol,Manual,2,18.9 kmpl,1061 CC,180000
Hyundai,2015,40000,Diesel,Manual,1,22.54 kmpl,1396 CC,600000
Maruti,2018,10000,Petrol,Manual,1,23.95 kmpl,998 CC,390000
Maruti,2014,22000,Petrol,Manual,1,20.51 kmpl,998 CC,330000
Hyundai,2018,30000,Petrol,Manual,1,20.3 kmpl,1086 CC,575000
Toyota,2011,90000,Diesel,Manual,1,23.59 kmpl,1364 CC,350000
Maruti,2017,25000,Petrol,Manual,1,24.7 kmpl,796 CC,316000
Maruti,2017,35000,Diesel,Manual,2,27.39 kmpl,1248 CC,650000
Hyundai,2013,50000,Petrol,Manual,2,17.1 kmpl,1591 CC,500000
Maruti,2017,120000,Petrol,Manual,1,15.37 kmpl,1196 CC,400000
Maruti,2015,38000,Petrol,Automatic,2,23.95 kmpl,998 CC,350000
Mahindra,2016,65100,Diesel,Manual,2,18.49 kmpl,1493 CC,730000
Mahindra,2012,129000,Diesel,Manual,3,15.1 kmpl,2179 CC,595000
Toyota,2008,120000,Diesel,Manual,2,12.8 kmpl,2494 CC,370000
Toyota,2015,30000,Diesel,Automatic,2,12.55 kmpl,2982 CC,1850000
Maruti,2013,50000,Diesel,Manual,2,20.77 kmpl,1248 CC,600000
Maruti,2008,90000,Diesel,Manual,4,19.3 kmpl,1248 CC,250000
Maruti,2008,120000,Diesel,Manual,3,17.8 kmpl,1248 CC,170000
Mahindra,2016,80000,Diesel,Manual,1,25.32 kmpl,1198 CC,375000
Maruti,2012,80000,Diesel,Manual,2,19.3 kmpl,1248 CC,495000
Mahindra,2015,70000,Diesel,Manual,1,15.4 kmpl,2179 CC,1100000
Toyota,2015,125000,Diesel,Manual,1,23.59 kmpl,1364 CC,500000
Toyota,2013,73000,Diesel,Manual,1,12.99 kmpl,2494 CC,900000
Maruti,2008,40000,Petrol,Manual,1,18.2 kmpl,1061 CC,120000
Datsun,2019,4000,Petrol,Manual,1,19.72 kmpl,1198 CC,590000
Hyundai,2009,110000,Diesel,Manual,2,17.1 kmpl,1493 CC,150000
Hyundai,2014,110000,Diesel,Manual,1,24.0 kmpl,1120 CC,400000
Honda,2009,110000,Petrol,Manual,3,17.0 kmpl,1497 CC,290000
Honda,2012,30000,Petrol,Manual,1,18.5 kmpl,1198 CC,245000
Honda,2014,100000,Diesel,Manual,2,25.8 kmpl,1498 CC,420000
Ford,2010,100000,Diesel,Manual,2,20.0 kmpl,1399 CC,210000
Mahindra,2011,140000,Diesel,Manual,2,13.5 kmpl,2179 CC,400000
Maruti,2018,40000,Petrol,Manual,1,20.73 kmpl,1373 CC,750000
Tata,2016,15000,Petrol,Manual,1,23.84 kmpl,1199 CC,350000
Tata,2008,120000,Diesel,Manual,1,19.09 kmpl,1396 CC,100000
Mahindra,2015,70000,Diesel,Automatic,1,16.0 kmpl,2179 CC,1100000
Maruti,2017,41232,Diesel,Manual,1,26.59 kmpl,1248 CC,589000
Maruti,1997,80000,Petrol,Manual,3,16.1 kmpl,796 CC,29999
Maruti,2016,60000,Petrol,Manual,1,20.4 kmpl,1197 CC,500000
Maruti,2013,120000,Diesel,Manual,2,23.4 kmpl,1248 CC,450000
Mahindra,2016,80000,Diesel,Manual,2,15.96 kmpl,2523 CC,550000
Maruti,2015,15000,Diesel,Manual,2,20.77 kmpl,1248 CC,580000
Mahindra,2016,50000,Diesel,Manual,1,18.49 kmpl,1493 CC,700000
Mercedes-Benz,2009,80000,Petrol,Automatic,3,10.93 kmpl,3498 CC,1000000
Honda,2013,65285,Diesel,Manual,1,24.7 kmpl,1498 CC,350000
Hyundai,2020,5000,Petrol,Manual,1,18.6 kmpl,1197 CC,720000
Honda,2017,6825,Petrol,Automatic,1,18.0 kmpl,1497 CC,1150000
Hyundai,2019,4300,Petrol,Manual,1,18.6 kmpl,1197 CC,685000
Maruti,2017,70000,Diesel,Manual,1,27.39 kmpl,1248 CC,800000
Maruti,2018,40000,Petrol,Automatic,1,22.0 kmpl,1197 CC,500000
Maruti,2012,90000,Diesel,Manual,1,20.77 kmpl,1248 CC,400000
Maruti,2014,50000,Diesel,Manual,1,23.4 kmpl,1248 CC,600000
Nissan,2015,90000,Diesel,Manual,1,20.45 kmpl,1461 CC,580000
Hyundai,2018,15000,Petrol,Automatic,1,17.4 kmpl,1197 CC,750000
Honda,2013,100000,Diesel,Manual,1,25.8 kmpl,1498 CC,310000
Volkswagen,2011,66000,Diesel,Manual,2,20.5 kmpl,1598 CC,330000
Hyundai,2007,108000,Petrol,Manual,3,13.9 kmpl,1599 CC,220000
Chevrolet,2007,40000,Petrol,Manual,2,18.0 kmpl,995 CC,72000
Maruti,2012,70000,Petrol,Manual,1,19.7 kmpl,796 CC,135000
Tata,2013,120000,Diesel,Manual,1,19.09 kmpl,1396 CC,250000
Mahindra,2016,49600,Diesel,Manual,2,25.32 kmpl,1198 CC,350000
Chevrolet,2011,78432,Diesel,Manual,1,16.52 kmpl,1991 CC,415000
Mahindra,2014,120000,Diesel,Manual,3,15.96 kmpl,2523 CC,530000
Mahindra,2017,100000,Diesel,Manual,2,16.5 kmpl,1493 CC,620000
Datsun,2016,49000,Petrol,Manual,1,19.02 kmpl,1198 CC,275000
Hyundai,2014,76000,Diesel,Manual,1,22.54 kmpl,1396 CC,550000
Hyundai,2018,10000,Petrol,Manual,1,18.9 kmpl,1197 CC,590000
Ford,2012,112000,Diesel,Manual,2,20.0 kmpl,1399 CC,190000
Hyundai,2016,25000,Petrol,Manual,1,15.29 kmpl,1591 CC,800000
Tata,2017,30000,Petrol,Manual,1,23.84 kmpl,1199 CC,450000
Hyundai,2018,29000,Petrol,Automatic,1,17.4 kmpl,1197 CC,890000
Hyundai,2007,64000,Petrol,Manual,1,,,90000
Honda,2015,60000,Diesel,Manual,1,25.8 kmpl,1498 CC,409999
Honda,2014,97000,Diesel,Manual,1,26.0 kmpl,1498 CC,580000
Maruti,2019,25000,Petrol,Manual,1,23.95 kmpl,998 CC,360000
Maruti,2014,120000,Diesel,Manual,2,23.4 kmpl,1248 CC,420000
Tata,2009,70000,Diesel,Manual,1,19.09 kmpl,1396 CC,160000
Tata,2014,110000,Diesel,Manual,2,19.09 kmpl,1405 CC,190000
Hyundai,2017,25000,Petrol,Manual,1,18.9 kmpl,1197 CC,445000
Renault,2013,96000,Diesel,Manual,1,20.46 kmpl,1461 CC,400000
Mahindra,2011,150000,Diesel,Automatic,2,11.79 kmpl,2179 CC,500000
Honda,2017,15780,Petrol,Manual,1,17.8 kmpl,1198 CC,570000
Mahindra,2012,215000,Diesel,Manual,1,12.05 kmpl,2179 CC,470000
Toyota,2002,275000,Diesel,Manual,4,,,210000
Renault,2012,90000,Diesel,Manual,1,19.01 kmpl,1461 CC,450000
Jeep,2019,14000,Diesel,Manual,1,17.1 kmpl,1956 CC,1850000
Maruti,2019,19000,Petrol,Automatic,2,20.89 kmpl,1197 CC,570000
Toyota,2010,60000,Diesel,Manual,1,21.43 kmpl,1364 CC,300000
Maruti,2017,30000,CNG,Manual,1,21.94 km/kg,1196 CC,380000
Toyota,2010,250000,Diesel,Manual,2,12.8 kmpl,2494 CC,750000
Maruti,2013,86000,Diesel,Manual,2,22.9 kmpl,1248 CC,430000
Maruti,2018,22000,Petrol,Manual,1,21.4 kmpl,1197 CC,625000
BMW,2011,84925,Diesel,Automatic,1,16.07 kmpl,1995 CC,1500000
Hyundai,2006,90000,Petrol,Manual,2,,,75000
Maruti,2014,40000,Petrol,Manual,1,19.0 kmpl,998 CC,250000
Maruti,2010,176062,Diesel,Manual,1,17.8 kmpl,1248 CC,400000
Honda,2014,200000,Diesel,Manual,1,25.1 kmpl,1498 CC,819999
Hyundai,2018,4000,Petrol,Manual,1,18.9 kmpl,1197 CC,540000
Chevrolet,2011,30000,Petrol,Manual,1,18.0 kmpl,995 CC,150000
Maruti,2011,90000,Petrol,Manual,1,20.92 kmpl,998 CC,165000
Hyundai,2018,25000,Petrol,Manual,1,18.6 kmpl,1197 CC,700000
Maruti,1999,80000,Petrol,Manual,3,16.1 kmpl,796 CC,80000
Hyundai,2018,7000,Petrol,Manual,1,20.3 kmpl,1086 CC,490000
Maruti,2019,7673,Diesel,Automatic,1,28.4 kmpl,1248 CC,825000
Maruti,2017,34000,Diesel,Manual,2,28.4 kmpl,1248 CC,625000
Maruti,2006,110000,Petrol,Manual,3,,,229999
Maruti,2016,70000,Diesel,Manual,1,24.52 kmpl,1248 CC,750000
Maruti,2016,70000,Diesel,Manual,2,25.2 kmpl,1248 CC,565000
Mahindra,2010,120000,Diesel,Manual,2,13.6 kmpl,2523 CC,315000
Tata,2007,120000,Diesel,Manual,2,12.0 kmpl,2092 CC,95000
Volkswagen,2014,120000,Diesel,Manual,2,20.14 kmpl,1498 CC,391000
Maruti,2013,70000,Diesel,Manual,1,23.4 kmpl,1248 CC,550000
Maruti,2007,60000,Petrol,Manual,2,18.2 kmpl,1061 CC,90000
Maruti,2014,30000,Petrol,Manual,1,22.74 kmpl,796 CC,250999
Maruti,2012,100000,Diesel,Manual,2,23.4 kmpl,1248 CC,625000
Honda,2016,61915,Diesel,Manual,1,27.3 kmpl,1498 CC,650000
Maruti,2012,145000,Diesel,Manual,3,22.9 kmpl,1248 CC,350000
Maruti,2018,12000,Petrol,Manual,1,20.4 kmpl,1197 CC,459999
Maruti,2008,120000,Petrol,Manual,2,,,130000
Mahindra,2017,80000,Diesel,Manual,1,15.4 kmpl,2179 CC,891000
Maruti,2008,80000,Petrol,Manual,3,16.1 kmpl,1298 CC,170000
Mercedes-Benz,2013,50000,Diesel,Automatic,1,11.74 kmpl,2987 CC,3600000
Tata,2016,24177,Petrol,Manual,1,17.57 kmpl,1193 CC,400000
Maruti,1997,94000,Petrol,Automatic,4,15.9 kmpl,1298 CC,125000
Hyundai,2014,80000,Petrol,Manual,1,21.1 kmpl,814 CC,250000
Mahindra,2015,110000,Diesel,Manual,2,15.4 kmpl,2523 CC,650000
Hyundai,2006,90000,Petrol,Manual,3,13.9 kmpl,1599 CC,170000
Volkswagen,2014,64000,Petrol,Manual,3,15.04 kmpl,1598 CC,390000
Maruti,2009,77000,Petrol,Manual,2,21.79 kmpl,998 CC,185000
Chevrolet,2014,90000,Diesel,Manual,2,25.44 kmpl,936 CC,185000
Tata,2008,40000,Petrol,Manual,4,12.85 kmpl,1396 CC,135000
Honda,2012,26000,Petrol,Manual,1,19.4 kmpl,1198 CC,376000
Hyundai,2017,20000,Petrol,Manual,1,17.0 kmpl,1591 CC,900000
Maruti,2014,70000,Diesel,Manual,2,25.2 kmpl,1248 CC,570000
Mahindra,2006,185000,Diesel,Manual,1,12.7 kmpl,2609 CC,250000
BMW,2018,30000,Diesel,Automatic,1,17.09 kmpl,2993 CC,5830000
Maruti,2017,30000,CNG,Manual,1,21.94 km/kg,1196 CC,390000
Maruti,2010,70000,Diesel,Manual,3,,,300000
Tata,2011,80000,Diesel,Manual,1,17.0 kmpl,1405 CC,152000
Hyundai,2011,35000,Diesel,Manual,2,22.32 kmpl,1582 CC,375000
Hyundai,2017,41000,Diesel,Manual,1,20.5 kmpl,1582 CC,975000
Tata,2016,13500,Petrol,Manual,1,23.84 kmpl,1199 CC,425000
Hyundai,2012,80000,Diesel,Manual,2,22.32 kmpl,1582 CC,440000
Renault,2017,120000,Diesel,Manual,1,19.87 kmpl,1461 CC,650000
Tata,2013,162500,Diesel,Manual,1,19.4 kmpl,1405 CC,170000
Hyundai,2011,100000,Diesel,Manual,1,22.32 kmpl,1582 CC,450000
Renault,2018,30000,Petrol,Manual,1,25.17 kmpl,799 CC,335000
Mahindra,2015,39000,Diesel,Manual,1,16.0 kmpl,2179 CC,1225000
Tata,2015,100000,Diesel,Manual,1,23.0 kmpl,1248 CC,400000
Tata,2011,80000,Diesel,Manual,1,19.4 kmpl,1405 CC,350000
Volkswagen,2018,15000,Petrol,Manual,1,16.2 kmpl,1199 CC,600000
Nissan,2011,60000,Petrol,Manual,2,18.06 kmpl,1198 CC,300000
Nissan,2016,56832,Diesel,Manual,1,19.87 kmpl,1461 CC,495000
Volkswagen,2015,34156,Petrol,Manual,1,16.47 kmpl,1198 CC,449000
Honda,2013,140000,Diesel,Manual,3,25.8 kmpl,1498 CC,350000
Maruti,2016,70000,Diesel,Manual,2,24.52 kmpl,1248 CC,756000
Volkswagen,2017,18816,Petrol,Manual,1,17.0 kmpl,1198 CC,650000
Toyota,2017,25538,Petrol,Manual,1,16.78 kmpl,1496 CC,625000
Renault,2015,60000,Diesel,Manual,1,19.01 kmpl,1461 CC,600000
Hyundai,2013,50000,Petrol,Automatic,1,16.95 kmpl,1197 CC,290000
Maruti,2014,60000,Petrol,Manual,2,20.51 kmpl,998 CC,300000
Hyundai,2009,100000,Petrol,Manual,1,20.36 kmpl,1197 CC,170000
Mahindra,2016,15000,Petrol,Manual,2,18.15 kmpl,1198 CC,450000
Hyundai,2017,90000,Diesel,Manual,1,19.67 kmpl,1582 CC,1250000
Toyota,2011,80000,Diesel,Manual,1,,,375000
Hyundai,2010,70000,Diesel,Manual,2,16.2 kmpl,1493 CC,320000
Maruti,2013,50000,Petrol,Manual,2,16.1 kmpl,796 CC,121000
Volkswagen,2012,90000,Diesel,Manual,1,20.54 kmpl,1598 CC,450000
Maruti,2003,167000,Petrol,Manual,2,18.9 kmpl,998 CC,55000
Maruti,2016,20000,Petrol,Manual,1,23.95 kmpl,998 CC,325000
Honda,2018,20000,Petrol,Manual,1,19.5 kmpl,1199 CC,600000
Hyundai,2010,120000,Diesel,Manual,2,16.2 kmpl,1493 CC,195000
Maruti,2015,110000,Diesel,Manual,1,26.59 kmpl,1248 CC,550000
Maruti,2020,1000,Petrol,Manual,1,21.21 kmpl,1197 CC,445000
Hyundai,2004,120000,Petrol,Manual,2,13.2 kmpl,1495 CC,80000
Honda,2017,35000,Petrol,Manual,1,17.8 kmpl,1497 CC,894999
Tata,2017,40300,Petrol,Manual,1,23.84 kmpl,1199 CC,340000
Mahindra,2013,90000,Diesel,Manual,1,17.21 kmpl,1493 CC,225000
Maruti,2018,36500,Diesel,Manual,1,24.3 kmpl,1248 CC,910000
Volkswagen,2014,84000,Diesel,Manual,2,20.14 kmpl,1498 CC,300000
Maruti,2015,20000,Petrol,Manual,3,22.74 kmpl,796 CC,170000
Maruti,2016,78000,Diesel,Manual,1,27.39 kmpl,1248 CC,700000
Toyota,2012,100000,Petrol,Automatic,1,14.53 kmpl,1794 CC,550000
Tata,2010,140000,Diesel,Manual,1,18.4 kmpl,1248 CC,229999
Maruti,2009,110000,Petrol,Manual,1,15.0 kmpl,1586 CC,150000
Honda,2018,30000,Petrol,Manual,1,17.5 kmpl,1199 CC,780000
Maruti,2013,70000,CNG,Manual,2,30.46 km/kg,796 CC,178000
Hyundai,2014,30000,Petrol,Manual,2,18.5 kmpl,1197 CC,330000
Tata,2017,35000,Petrol,Manual,1,17.57 kmpl,1193 CC,400000
Honda,2018,30000,Diesel,Manual,1,25.5 kmpl,1498 CC,834000
Hyundai,2018,30000,Diesel,Manual,1,21.19 kmpl,1396 CC,800000
Hyundai,2015,70000,Petrol,Automatic,2,18.9 kmpl,1197 CC,400000
Ford,2009,110000,Diesel,Manual,3,17.7 kmpl,1399 CC,155000
Ford,2011,120000,Diesel,Manual,1,20.0 kmpl,1399 CC,215000
Mahindra,2015,50000,Diesel,Manual,1,15.96 kmpl,2523 CC,585000
Maruti,2014,15000,Diesel,Manual,1,25.2 kmpl,1248 CC,570000
Maruti,2010,60000,Petrol,Manual,1,18.9 kmpl,1061 CC,250000
Maruti,2016,45000,Diesel,Manual,1,24.3 kmpl,1248 CC,950000
Hyundai,2015,40000,Petrol,Manual,1,18.9 kmpl,1197 CC,434999
Honda,2012,100000,Petrol,Manual,2,16.8 kmpl,1497 CC,540000
Maruti,2007,80000,Petrol,Manual,2,18.2 kmpl,998 CC,85000
Tata,2016,100000,Diesel,Manual,1,22.95 kmpl,1248 CC,400000
Mahindra,2012,50000,Diesel,Manual,1,12.2 kmpl,2498 CC,700000
Toyota,2015,125000,Diesel,Manual,1,12.99 kmpl,2494 CC,900000
Mahindra,2011,162000,Diesel,Manual,2,13.6 kmpl,2523 CC,325000
Mitsubishi,2000,280000,Diesel,Manual,2,14.8 kmpl,1998 CC,150000
Honda,2006,200000,Petrol,Automatic,3,13.1 kmpl,1997 CC,125000
Tata,2009,120000,Diesel,Manual,1,17.0 kmpl,1405 CC,120000
Chevrolet,2016,60000,Diesel,Manual,2,12.2 kmpl,1994 CC,409999
Ford,2012,110000,Diesel,Automatic,1,11.4 kmpl,2953 CC,500000
Honda,2015,35000,Petrol,Manual,1,17.3 kmpl,1497 CC,500000
Maruti,2018,9000,Petrol,Automatic,1,21.4 kmpl,1197 CC,740000
Toyota,2009,242000,Diesel,Manual,4,12.8 kmpl,2494 CC,650000
Mahindra,2015,100000,Diesel,Manual,1,16.0 kmpl,2179 CC,975000
Hyundai,2013,70000,Petrol,Manual,2,20.36 kmpl,1197 CC,325000
Hyundai,2013,92500,Diesel,Manual,1,22.32 kmpl,1582 CC,530000
Maruti,2011,110000,Petrol,Manual,2,15.37 kmpl,1196 CC,180000
Honda,2016,25000,Petrol,Manual,1,18.7 kmpl,1199 CC,475000
Maruti,2008,80000,Petrol,Manual,2,19.7 kmpl,796 CC,110000
Tata,2010,120000,Diesel,Manual,2,18.0 kmpl,1248 CC,105000
Tata,2014,120000,Diesel,Manual,1,25.0 kmpl,1396 CC,160000
Honda,2004,100000,Petrol,Automatic,2,9.0 kmpl,2997 CC,275000
Maruti,2018,32600,Diesel,Manual,1,24.3 kmpl,1248 CC,819999
Maruti,2017,70000,Diesel,Manual,2,23.65 kmpl,1248 CC,800000
Maruti,2007,150000,Petrol,Manual,2,18.2 kmpl,1061 CC,120000
Maruti,2009,90000,Petrol,Manual,3,17.5 kmpl,1298 CC,190000
Hyundai,2014,31000,Petrol,Manual,1,20.36 kmpl,1197 CC,290000
Hyundai,2018,120000,Petrol,Manual,1,20.3 kmpl,998 CC,340000
Maruti,2016,34500,Petrol,Manual,1,20.51 kmpl,998 CC,375000
Mahindra,2015,50000,Diesel,Manual,1,14.95 kmpl,2489 CC,650000
Maruti,2011,70000,Petrol,Manual,3,20.92 kmpl,998 CC,199000
Maruti,2018,70000,Diesel,Manual,1,28.4 kmpl,1248 CC,680000
Hyundai,2015,100000,Petrol,Manual,1,18.6 kmpl,1197 CC,600000
Maruti,2019,10000,Petrol,Manual,1,21.21 kmpl,1197 CC,675000
Maruti,2017,90000,Petrol,Manual,1,15.37 kmpl,1196 CC,330000
Tata,2011,150000,Petrol,Manual,1,12.8 kmpl,1396 CC,150000
Toyota,2008,134000,Diesel,Manual,2,12.8 kmpl,2494 CC,570000
Ford,2019,30000,Diesel,Manual,1,23.0 kmpl,1498 CC,906000
Hyundai,2013,90000,Petrol,Manual,2,16.3 kmpl,1797 CC,511000
Maruti,2017,70000,Diesel,Manual,1,27.39 kmpl,1248 CC,735000
Ford,2017,62960,Diesel,Manual,1,25.83 kmpl,1498 CC,500000
Datsun,2020,2136,Petrol,Manual,1,22.5 kmpl,999 CC,350000
Hyundai,2012,100000,Diesel,Manual,2,22.32 kmpl,1582 CC,390000
Maruti,2016,40000,Diesel,Manual,2,24.3 kmpl,1248 CC,720000
Ford,2012,25000,Petrol,Manual,1,15.6 kmpl,1196 CC,290000
Maruti,2010,120000,Petrol,Manual,1,20.92 kmpl,998 CC,148000
Maruti,2004,80000,Petrol,Manual,2,17.3 kmpl,993 CC,120000
Maruti,2012,40000,Petrol,Manual,1,18.9 kmpl,998 CC,270000
Maruti,2012,38000,Petrol,Manual,2,24.7 kmpl,796 CC,200000
Chevrolet,2011,120000,Diesel,Manual,2,12.2 kmpl,2499 CC,350000
Maruti,2017,40000,Diesel,Manual,1,24.3 kmpl,1248 CC,780000
Hyundai,2016,80000,Petrol,Manual,2,19.1 kmpl,1197 CC,350000
Renault,2015,15200,Petrol,Manual,1,25.17 kmpl,799 CC,290000
Maruti,2018,7800,Petrol,Automatic,1,22.0 kmpl,1197 CC,700000
Ford,2010,100000,Diesel,Manual,2,17.8 kmpl,1399 CC,225000
Mahindra,2006,170000,Diesel,Manual,1,13.6 kmpl,2523 CC,145000
Maruti,2011,80000,Petrol,Manual,3,15.5 kmpl,1586 CC,190000
Mitsubishi,2013,151000,Diesel,Manual,1,13.5 kmpl,2477 CC,1090000
Maruti,2017,140000,CNG,Manual,1,21.94 km/kg,1196 CC,370000
Maruti,2007,80000,Petrol,Manual,3,19.7 kmpl,796 CC,150000
Fiat,2014,142500,Diesel,Manual,1,19.5 kmpl,1248 CC,325000
Honda,2018,40000,Petrol,Automatic,1,18.2 kmpl,1199 CC,860000
Ford,2011,298000,Diesel,Manual,2,13.1 kmpl,2499 CC,850000
Hyundai,2012,120000,Diesel,Manual,2,23.0 kmpl,1396 CC,300000
Maruti,2018,50000,Petrol,Manual,1,23.1 kmpl,998 CC,385000
Toyota,2013,80000,Diesel,Manual,1,12.99 kmpl,2494 CC,800000
Renault,2016,59300,Petrol,Manual,1,25.17 kmpl,799 CC,240000
Mahindra,2017,30000,Diesel,Manual,1,25.32 kmpl,1198 CC,400000
Tata,2015,90000,Diesel,Manual,2,23.0 kmpl,1248 CC,350000
Maruti,2010,64000,Petrol,Manual,1,19.7 kmpl,796 CC,215000
Toyota,2010,129000,Diesel,Manual,1,12.8 kmpl,2494 CC,425000
Honda,2015,90000,Diesel,Manual,1,27.3 kmpl,1498 CC,600000
Hyundai,2015,73500,Diesel,Manual,1,19.67 kmpl,1582 CC,1000000
Ford,2012,90000,Petrol,Manual,2,15.3 kmpl,1596 CC,256000
Hyundai,2012,90000,Diesel,Automatic,1,19.08 kmpl,1582 CC,500000
Mercedes-Benz,2007,120000,Petrol,Automatic,1,11.7 kmpl,1796 CC,500000
Mahindra,2009,120000,Diesel,Manual,3,19.2 kmpl,1461 CC,125000
Ford,2017,80000,Petrol,Manual,1,18.16 kmpl,1196 CC,565000
Hyundai,2016,30000,Petrol,Manual,1,18.9 kmpl,1197 CC,400000
Volkswagen,2018,27000,Diesel,Manual,1,20.14 kmpl,1498 CC,681000
Maruti,2005,70000,Petrol,Manual,2,17.3 kmpl,993 CC,60000
Hyundai,2013,87185,Diesel,Manual,2,22.32 kmpl,1582 CC,445000
Tata,2007,110000,Petrol,Manual,2,12.0 kmpl,2092 CC,300000
Honda,2016,30000,Petrol,Manual,1,18.7 kmpl,1199 CC,484999
Hyundai,2011,97000,Petrol,Manual,3,19.81 kmpl,1086 CC,165000
Maruti,2010,59549,Petrol,Manual,1,19.0 kmpl,998 CC,225000
Tata,2017,35000,Diesel,Manual,1,21.5 kmpl,1497 CC,830000
Volkswagen,2018,82000,Diesel,Automatic,1,21.73 kmpl,1498 CC,650000
Hyundai,2013,90000,Petrol,Manual,1,17.92 kmpl,1086 CC,200000
Hyundai,2017,52000,Petrol,Manual,1,17.0 kmpl,1197 CC,430000
Hyundai,2017,20000,Petrol,Manual,1,18.9 kmpl,1197 CC,500000
Maruti,2012,70000,Petrol,Manual,2,18.6 kmpl,1197 CC,280000
Tata,2018,22966,Petrol,Manual,1,23.84 kmpl,1199 CC,450000
Hyundai,2010,80000,Petrol,Manual,4,17.0 kmpl,1197 CC,254999
Hyundai,2017,35000,Petrol,Manual,1,18.9 kmpl,1197 CC,450000
Maruti,2003,20000,Diesel,Manual,1,15.9 kmpl,1527 CC,70000
Tata,2007,50000,Petrol,Manual,1,15.3 kmpl,1193 CC,125000
Maruti,2017,35000,Petrol,Manual,1,24.7 kmpl,796 CC,310000
Tata,2012,270000,Diesel,Manual,3,14.07 kmpl,2956 CC,340000
Jaguar,2015,70000,Diesel,Automatic,2,16.36 kmpl,2179 CC,3000000
Ford,2012,90000,Diesel,Manual,1,20.0 kmpl,1399 CC,300000
Maruti,2020,7400,Diesel,Automatic,1,24.3 kmpl,1248 CC,925000
Toyota,2016,145000,Diesel,Manual,2,23.59 kmpl,1364 CC,570000
Mahindra,2016,120000,Diesel,Manual,1,18.49 kmpl,1493 CC,700000
Hyundai,2010,120000,Diesel,Manual,2,16.8 kmpl,1493 CC,310000
Volkswagen,2010,120000,Diesel,Manual,3,20.54 kmpl,1598 CC,320000
Mahindra,2019,8600,Diesel,Manual,1,17.3 kmpl,1497 CC,1075000
Tata,2018,21871,Diesel,Manual,1,21.5 kmpl,1497 CC,969999
Tata,2017,72000,Diesel,Manual,1,13.93 kmpl,2179 CC,625000
Honda,2017,35000,Petrol,Manual,1,17.4 kmpl,1497 CC,950000
Maruti,2013,58343,Petrol,Manual,1,21.79 kmpl,998 CC,225000
Maruti,2019,11000,Petrol,Manual,1,21.63 kmpl,998 CC,500000
Toyota,2006,305000,Diesel,Manual,4,12.8 kmpl,2494 CC,370000
Mahindra,2014,70000,Diesel,Manual,1,15.96 kmpl,2523 CC,600000
Mahindra,2017,82000,Diesel,Manual,1,18.49 kmpl,1493 CC,660000
Toyota,2007,248119,Diesel,Manual,4,12.8 kmpl,2494 CC,409999
Fiat,2011,117000,Diesel,Manual,2,20.3 kmpl,1248 CC,220000
Tata,2011,175000,Diesel,Manual,2,23.57 kmpl,1396 CC,210000
Hyundai,2010,90000,Diesel,Manual,2,16.8 kmpl,1493 CC,190000
Maruti,2008,90000,Petrol,Manual,1,,,200000
Honda,2017,68140,Petrol,Automatic,1,18.0 kmpl,1497 CC,1025000
Tata,2012,80000,Diesel,Manual,1,17.0 kmpl,1405 CC,300000
Chevrolet,2014,50000,Diesel,Manual,1,13.58 kmpl,2499 CC,500000
Maruti,2008,100000,Diesel,Manual,2,17.8 kmpl,1248 CC,260000
Maruti,2013,120000,Diesel,Manual,4,22.9 kmpl,1248 CC,300000
Tata,2008,179150,Diesel,Manual,2,11.57 kmpl,2179 CC,500000
Ford,2017,76139,Diesel,Manual,1,23.0 kmpl,1498 CC,850000
Chevrolet,2012,70000,Diesel,Manual,2,25.44 kmpl,936 CC,220000
Volkswagen,2018,53000,Diesel,Manual,1,20.14 kmpl,1498 CC,650000
Tata,2018,35000,Petrol,Manual,1,17.57 kmpl,1193 CC,459999
BMW,2009,80000,Diesel,Automatic,2,22.48 kmpl,1995 CC,975000
Renault,2012,100000,Diesel,Manual,1,19.01 kmpl,1461 CC,450000
Mahindra,2013,70000,Diesel,Manual,1,15.96 kmpl,2523 CC,451000
Mahindra,2013,195000,Diesel,Manual,1,14.0 kmpl,2523 CC,500000
Tata,2013,70000,Diesel,Manual,1,25.0 kmpl,1396 CC,280000
Maruti,2013,185000,Diesel,Manual,1,23.4 kmpl,1248 CC,350000
Renault,2018,18000,Diesel,Manual,1,19.6 kmpl,1461 CC,1050000
Hyundai,2019,30000,Petrol,Manual,1,18.6 kmpl,1197 CC,750000
Tata,2004,120000,Diesel,Manual,2,16.8 kmpl,1405 CC,85000
Honda,2011,93500,Petrol,Manual,3,17.0 kmpl,1497 CC,350000
Maruti,2018,15000,Petrol,Manual,1,21.21 kmpl,1197 CC,650000
Ford,2017,70000,Diesel,Manual,2,25.83 kmpl,1498 CC,550000
Maruti,2014,100000,Diesel,Manual,1,23.4 kmpl,1248 CC,511000
Maruti,2011,120000,Diesel,Manual,3,19.3 kmpl,1248 CC,300000
Maruti,2016,60000,Petrol,Manual,2,22.74 kmpl,796 CC,270000
Hyundai,2008,120000,Petrol,Manual,2,19.81 kmpl,1086 CC,130000
Hyundai,2018,42000,Petrol,Automatic,1,18.6 kmpl,1368 CC,700000
Honda,2017,52000,Petrol,Automatic,1,12.0 kmpl,2354 CC,1650000
Chevrolet,2013,56315,Diesel,Manual,1,25.44 kmpl,936 CC,175000
Renault,2017,65000,Diesel,Manual,2,21.04 kmpl,1461 CC,690000
Tata,2015,40000,Petrol,Manual,1,17.57 kmpl,1193 CC,380000
Tata,2011,80000,Diesel,Manual,1,18.0 kmpl,1248 CC,100000
Hyundai,2015,74000,Diesel,Manual,2,24.4 kmpl,1120 CC,401000
Mahindra,2013,200000,Diesel,Automatic,1,11.18 kmpl,2696 CC,850000
Mahindra,2016,100000,Diesel,Manual,1,20.8 kmpl,1461 CC,750000
Skoda,2011,145000,Diesel,Manual,1,20.86 kmpl,1199 CC,340000
Volkswagen,2020,5000,Petrol,Manual,1,18.24 kmpl,999 CC,808000
Hyundai,2009,77000,Petrol,Manual,1,17.92 kmpl,1086 CC,150000
Hyundai,2015,120000,Petrol,Manual,2,21.1 kmpl,814 CC,225000
Maruti,2012,111000,Petrol,Manual,1,19.7 kmpl,796 CC,220000
Ford,2015,105000,Diesel,Manual,1,25.83 kmpl,1498 CC,365000
Mahindra,2015,60000,Diesel,Manual,1,15.96 kmpl,2523 CC,515000
Hyundai,2011,80000,Petrol,Manual,1,19.81 kmpl,1086 CC,200000
Audi,2013,50000,Diesel,Automatic,1,18.53 kmpl,1968 CC,1689999
Mahindra,2011,142000,Diesel,Manual,1,15.96 kmpl,2523 CC,325000
Tata,2017,140000,Diesel,Manual,1,14.07 kmpl,2956 CC,400000
Chevrolet,2012,120000,Diesel,Manual,1,25.44 kmpl,936 CC,180000
Hyundai,2011,120000,Diesel,Manual,3,23.0 kmpl,1396 CC,250000
Maruti,2010,120000,Diesel,Manual,2,17.8 kmpl,1248 CC,360000
Tata,2016,100000,Diesel,Manual,1,27.28 kmpl,1047 CC,490000
Hyundai,2015,60000,Diesel,Manual,1,19.67 kmpl,1582 CC,965000
Maruti,2011,100000,Petrol,Manual,2,17.5 kmpl,1298 CC,300000
Maruti,2014,100000,Diesel,Manual,2,22.9 kmpl,1248 CC,509999
Maruti,2005,90000,Petrol,Manual,2,18.9 kmpl,998 CC,65000
Maruti,2016,61173,Diesel,Manual,1,27.62 kmpl,793 CC,375000
Tata,2016,70000,Petrol,Manual,2,17.57 kmpl,1193 CC,350000
Maruti,2007,53512,Petrol,Manual,2,19.7 kmpl,796 CC,120000
Tata,2011,80000,Diesel,Manual,1,17.0 kmpl,1405 CC,200000
Hyundai,2013,100000,Petrol,Automatic,2,15.74 kmpl,1591 CC,450000
Hyundai,2006,25000,Petrol,Manual,3,13.0 kmpl,1795 CC,175000
Maruti,2014,50000,Petrol,Manual,1,23.1 kmpl,998 CC,320000
Maruti,2017,25000,CNG,Manual,1,21.94 km/kg,1196 CC,370000
Hyundai,2012,76000,Petrol,Manual,4,20.36 kmpl,1197 CC,210000
Ford,2015,52000,Diesel,Manual,1,25.83 kmpl,1498 CC,580000
Maruti,2016,120000,Diesel,Manual,1,24.52 kmpl,1248 CC,711000
Ford,2009,115000,Diesel,Manual,2,13.8 kmpl,1399 CC,160000
Maruti,2009,40000,Petrol,Manual,1,19.7 kmpl,796 CC,150000
Maruti,2016,147000,Diesel,Manual,2,26.59 kmpl,1248 CC,600000
Maruti,2000,100000,Petrol,Manual,2,16.1 kmpl,796 CC,60000
Hyundai,2013,118000,Diesel,Manual,1,24.0 kmpl,1120 CC,270000
Ford,2017,40000,Diesel,Manual,1,,,600000
Maruti,2016,20000,Petrol,Manual,1,20.51 kmpl,998 CC,465000
Tata,2018,15000,Petrol,Manual,1,17.0 kmpl,1198 CC,740000
Mahindra,2019,5000,Diesel,Manual,1,17.3 kmpl,1497 CC,1460000
Hyundai,2014,60000,Petrol,Manual,2,18.9 kmpl,1197 CC,400000
Maruti,2007,90000,Petrol,Manual,2,19.7 kmpl,796 CC,130000
Ford,2011,70000,Petrol,Manual,2,16.6 kmpl,1388 CC,200000
Ford,2005,120000,Diesel,Manual,3,17.8 kmpl,1399 CC,150000
Honda,2018,60000,Diesel,Manual,1,25.6 kmpl,1498 CC,1031000
Maruti,2016,30000,Petrol,Manual,1,23.95 kmpl,998 CC,330000
Tata,2009,150000,Diesel,Manual,1,13.93 kmpl,2179 CC,380000
Skoda,2012,145000,Diesel,Manual,1,20.5 kmpl,1598 CC,380000
Renault,2015,75000,Diesel,Manual,1,19.87 kmpl,1461 CC,484999
Maruti,2016,50000,Petrol,Manual,1,23.95 kmpl,998 CC,320000
Honda,2018,15000,Petrol,Manual,1,17.8 kmpl,1198 CC,585000
Nissan,2015,50000,Petrol,Automatic,1,19.34 kmpl,1198 CC,325000
Hyundai,2015,15000,Petrol,Manual,1,18.9 kmpl,1197 CC,390000
Maruti,2005,150000,Petrol,Manual,2,19.7 kmpl,796 CC,85000
Mahindra,2016,67000,Diesel,Manual,1,15.4 kmpl,1997 CC,745000
Mahindra,2012,180000,Diesel,Manual,3,15.96 kmpl,2523 CC,550000
Toyota,2009,170000,Diesel,Manual,3,12.8 kmpl,2494 CC,561000
Maruti,2018,44000,Petrol,Manual,1,24.7 kmpl,796 CC,350000
Hyundai,2015,90000,Diesel,Manual,1,19.67 kmpl,1582 CC,978999
Fiat,2016,60000,Diesel,Manual,2,20.5 kmpl,1248 CC,360000
Maruti,2019,27000,Diesel,Manual,1,28.4 kmpl,1248 CC,770000
Hyundai,2017,63186,Diesel,Manual,1,22.54 kmpl,1396 CC,850000
Honda,2012,110000,Petrol,Manual,1,19.4 kmpl,1198 CC,229999
Maruti,2009,70000,Petrol,Manual,2,19.7 kmpl,796 CC,150000
Datsun,2015,35000,Petrol,Manual,3,19.44 kmpl,1198 CC,260000
Maruti,2014,40000,Petrol,Manual,2,20.92 kmpl,998 CC,254999
Tata,2010,100000,Diesel,Manual,2,19.61 kmpl,1405 CC,409999
Maruti,2017,90000,Diesel,Manual,1,24.3 kmpl,1248 CC,750000
Hyundai,2016,110000,Diesel,Manual,1,19.67 kmpl,1582 CC,900000
Tata,2012,120000,Diesel,Manual,4,15.3 kmpl,2956 CC,250999
Tata,2011,140500,Diesel,Manual,3,17.88 kmpl,1396 CC,75000
Honda,2004,120000,Petrol,Manual,2,13.0 kmpl,1343 CC,135000
Ford,2017,50000,Petrol,Manual,1,18.12 kmpl,1196 CC,620000
Mahindra,2016,40000,Petrol,Manual,1,18.15 kmpl,1198 CC,400000
Maruti,2012,80000,Petrol,Manual,3,20.92 kmpl,998 CC,235000
Renault,2016,40000,Petrol,Manual,1,25.17 kmpl,799 CC,229999
Nissan,2013,80000,Petrol,Manual,3,16.95 kmpl,1498 CC,275000
Tata,2011,70000,Petrol,Manual,2,16.5 kmpl,1172 CC,150000
Tata,2012,110000,Diesel,Manual,1,22.3 kmpl,1248 CC,150000
Hyundai,2013,69000,Diesel,Manual,3,22.32 kmpl,1582 CC,420000
Hyundai,2018,10000,Petrol,Automatic,2,18.9 kmpl,1197 CC,650000
Maruti,2016,40000,Petrol,Manual,1,20.85 kmpl,1197 CC,500000
Chevrolet,2010,40000,Petrol,Manual,2,18.6 kmpl,1199 CC,120000
Hyundai,2018,80000,Diesel,Manual,1,25.4 kmpl,1186 CC,570000
Chevrolet,2011,82500,Diesel,Manual,2,16.52 kmpl,1991 CC,290000
Mahindra,2013,120000,Diesel,Manual,2,15.1 kmpl,2179 CC,800000
Hyundai,2020,65000,Petrol,Manual,2,20.14 kmpl,1197 CC,360000
Mahindra,2017,20000,Diesel,Manual,1,16.0 kmpl,2179 CC,1350000
Maruti,2012,25000,Diesel,Manual,2,21.5 kmpl,1248 CC,310000
Chevrolet,2012,60000,Diesel,Manual,2,25.44 kmpl,936 CC,120000
Honda,2014,110000,Diesel,Manual,1,26.0 kmpl,1498 CC,500000
Volkswagen,2019,30000,Petrol,Manual,2,19.44 kmpl,999 CC,550000
BMW,2018,10000,Diesel,Automatic,1,22.48 kmpl,1995 CC,4000000
Volkswagen,2013,38000,Diesel,Manual,1,22.07 kmpl,1199 CC,550000
Hyundai,2015,40000,Petrol,Manual,1,17.01 kmpl,1591 CC,650000
Tata,2019,2560,Petrol,Automatic,1,24.0 kmpl,1199 CC,520000
Maruti,2016,40000,Diesel,Manual,2,26.59 kmpl,1248 CC,525000
Mahindra,2012,120000,Diesel,Manual,2,15.1 kmpl,2179 CC,675000
Hyundai,2010,120000,Petrol,Manual,1,20.36 kmpl,1197 CC,180000
Maruti,2010,72179,Diesel,Manual,1,,,352000
Renault,2016,80000,Diesel,Manual,1,19.72 kmpl,1461 CC,650000
Maruti,2018,29700,Diesel,Manual,1,25.1 kmpl,1248 CC,810000
Mahindra,2015,120000,Diesel,Manual,2,15.1 kmpl,2179 CC,1050000
Mahindra,2013,150000,Diesel,Manual,2,15.1 kmpl,2179 CC,720000
Maruti,2005,40000,Petrol,Manual,2,19.7 kmpl,796 CC,80000
Tata,2007,75958,Diesel,Manual,2,17.88 kmpl,1396 CC,55000
Maruti,2007,35000,Petrol,Manual,1,18.2 kmpl,1061 CC,150000
Tata,2011,110000,Petrol,Manual,2,15.0 kmpl,1368 CC,250000
Maruti,2017,29000,Petrol,Manual,1,20.89 kmpl,1197 CC,525000
Skoda,2011,140000,Diesel,Manual,2,20.0 kmpl,1968 CC,270000
Toyota,2017,7000,Petrol,Automatic,2,14.53 kmpl,1794 CC,1450000
Honda,2012,80000,Petrol,Manual,2,16.8 kmpl,1497 CC,330000
Hyundai,2011,70000,CNG,Manual,1,13.45 km/kg,1086 CC,191000
Chevrolet,2010,68000,Petrol,Manual,4,18.6 kmpl,1199 CC,150000
Datsun,2018,25000,Petrol,Manual,1,22.7 kmpl,799 CC,217000
Toyota,2012,150000,Diesel,Manual,1,,,405000
Maruti,2015,16700,Petrol,Manual,1,22.74 kmpl,796 CC,275000
Mahindra,2011,70000,Diesel,Manual,2,14.0 kmpl,2498 CC,270000
Hyundai,2018,2388,Petrol,Manual,1,18.6 kmpl,1197 CC,730000
Hyundai,2018,65000,Diesel,Manual,1,25.4 kmpl,1186 CC,600000
Maruti,2018,23300,Petrol,Automatic,1,18.5 kmpl,1197 CC,675000
Mahindra,2010,146000,Diesel,Manual,4,14.0 kmpl,2498 CC,245000
Ford,2015,18000,Petrol,Manual,2,18.5 kmpl,1194 CC,500000
Tata,2017,20000,Petrol,Manual,1,23.84 kmpl,1199 CC,520000
Hyundai,2016,29000,Petrol,Manual,1,18.6 kmpl,1197 CC,650000
Tata,2012,118000,Diesel,Manual,2,13.93 kmpl,2179 CC,250000
Mahindra,2016,60000,Diesel,Manual,1,15.96 kmpl,2523 CC,600000
Mahindra,2016,54000,Diesel,Automatic,1,16.0 kmpl,1997 CC,975000
Hyundai,2011,157000,Diesel,Manual,2,22.32 kmpl,1582 CC,360000
Maruti,2017,59500,Petrol,Manual,2,23.1 kmpl,998 CC,421000
Mahindra,2015,70000,Diesel,Manual,1,15.4 kmpl,2179 CC,1125000
Maruti,2017,3564,Petrol,Manual,1,23.95 kmpl,998 CC,325000
Tata,2015,20000,Petrol,Manual,1,17.57 kmpl,1193 CC,500000
Hyundai,2005,89000,Petrol,Manual,2,15.3 kmpl,1341 CC,150000
Volvo,2014,30000,Diesel,Automatic,1,9.0 kmpl,1984 CC,2500000
Maruti,2017,28000,Petrol,Manual,1,24.7 kmpl,796 CC,275000
Mahindra,2019,53534,Diesel,Manual,1,15.96 kmpl,2523 CC,670000
Hyundai,2013,60000,Diesel,Manual,1,21.27 kmpl,1396 CC,425000
Mahindra,2012,70000,Diesel,Manual,2,20.8 kmpl,1461 CC,254999
Hyundai,2010,55000,Petrol,Manual,4,17.92 kmpl,1086 CC,180000
BMW,2017,44000,Diesel,Automatic,1,22.69 kmpl,1995 CC,2600000
Tata,2018,60000,Petrol,Manual,1,17.57 kmpl,1193 CC,520000
Honda,2018,50000,Diesel,Manual,1,25.8 kmpl,1498 CC,560000
Honda,2008,90000,Petrol,Manual,2,17.7 kmpl,1497 CC,240000
Maruti,2010,35000,Petrol,Manual,1,19.0 kmpl,998 CC,200000
Mahindra,2014,70000,Diesel,Manual,1,15.4 kmpl,2179 CC,650000
Hyundai,2011,56389,Petrol,Manual,1,20.36 kmpl,1197 CC,262000
Maruti,2006,59000,Petrol,Manual,2,16.1 kmpl,796 CC,114999
Ford,2011,110000,Diesel,Manual,3,17.8 kmpl,1399 CC,300000
Nissan,2018,48000,Diesel,Manual,1,19.87 kmpl,1461 CC,850000
Maruti,2008,112000,CNG,Manual,2,17.3 km/kg,1061 CC,170000
Renault,2016,40000,Diesel,Manual,1,19.87 kmpl,1461 CC,515000
Hyundai,2016,100000,Petrol,Manual,1,21.1 kmpl,814 CC,220000
Toyota,2015,50000,Petrol,Manual,1,14.28 kmpl,1798 CC,1100000
Maruti,2009,80000,Petrol,Manual,1,16.6 kmpl,1197 CC,270000
Maruti,2012,70000,Petrol,Manual,2,20.92 kmpl,998 CC,200000
Tata,2020,5000,Petrol,Manual,1,17.0 kmpl,1198 CC,537000
Mahindra,2017,5000,Petrol,Manual,2,18.15 kmpl,1198 CC,325000
Mahindra,2015,45000,Diesel,Automatic,1,18.49 kmpl,1493 CC,775000
Maruti,2012,120000,Diesel,Manual,2,21.5 kmpl,1248 CC,350000
Maruti,2011,70000,Petrol,Manual,3,,,190000
Tata,2014,60000,Diesel,Manual,2,23.0 kmpl,1248 CC,280000
Tata,2005,110000,Diesel,Manual,2,,,75000
Mahindra,2003,120000,Diesel,Manual,3,12.7 kmpl,2609 CC,125000
Volkswagen,2013,70000,Diesel,Manual,2,22.07 kmpl,1199 CC,365000
Hyundai,2016,70000,Petrol,Manual,1,18.6 kmpl,1197 CC,470000
Hyundai,2011,80000,Petrol,Manual,2,21.1 kmpl,814 CC,129000
Honda,2015,45000,Petrol,Automatic,1,15.5 kmpl,1198 CC,450000
Maruti,2014,25000,Petrol,Manual,1,22.74 kmpl,796 CC,235000
Hyundai,2012,90000,Diesel,Manual,1,23.0 kmpl,1396 CC,330000
Tata,2012,80000,Diesel,Manual,1,16.1 kmpl,1405 CC,185000
Maruti,2016,120000,Diesel,Manual,2,26.59 kmpl,1248 CC,675000
Hyundai,2016,111000,Diesel,Manual,2,21.19 kmpl,1396 CC,700000
Tata,2008,120000,Diesel,Manual,3,17.5 kmpl,1396 CC,50000
Mahindra,2016,139000,Diesel,Manual,1,18.49 kmpl,1493 CC,600000
Tata,2005,50000,Diesel,Manual,2,,,95000
Nissan,2014,91000,Diesel,Manual,4,22.71 kmpl,1461 CC,320000
Nissan,2017,21500,Petrol,Automatic,1,19.34 kmpl,1198 CC,560000
Renault,2017,50000,Diesel,Manual,1,19.87 kmpl,1461 CC,819999
Maruti,2019,5000,Petrol,Automatic,1,20.52 kmpl,1197 CC,540000
Hyundai,2015,50000,Petrol,Manual,1,17.19 kmpl,1197 CC,525000
Hyundai,2015,80000,Diesel,Manual,2,24.0 kmpl,1120 CC,395000
Mahindra,2015,60000,Diesel,Manual,1,15.4 kmpl,1997 CC,825000
Maruti,2016,20000,Petrol,Manual,1,20.73 kmpl,1373 CC,700000
Maruti,2008,35008,Petrol,Manual,1,21.79 kmpl,998 CC,221000
Mahindra,2018,15000,Diesel,Manual,1,15.1 kmpl,2179 CC,1700000
Tata,2017,30000,Diesel,Manual,1,17.6 kmpl,2179 CC,1200000
Hyundai,2017,20000,Petrol,Manual,1,18.9 kmpl,1197 CC,570000
Mahindra,2015,40000,Diesel,Manual,2,18.49 kmpl,1493 CC,590000
Nissan,2014,120000,Diesel,Manual,2,19.01 kmpl,1461 CC,525000
Toyota,2009,285000,Diesel,Manual,3,12.8 kmpl,2494 CC,530000
Ford,2007,110000,Diesel,Manual,3,17.8 kmpl,1399 CC,125000
Maruti,2017,13500,Petrol,Manual,1,15.37 kmpl,1196 CC,409999
Ford,2015,80000,Diesel,Manual,1,22.77 kmpl,1498 CC,615000
Hyundai,2015,50000,Petrol,Manual,1,19.81 kmpl,1086 CC,310000
Honda,2015,30000,Petrol,Manual,1,18.7 kmpl,1199 CC,610000
Maruti,2014,65000,Diesel,Manual,1,25.2 kmpl,1248 CC,425000
Volkswagen,2011,80000,Diesel,Manual,2,22.07 kmpl,1199 CC,388000
Renault,2016,50000,Petrol,Manual,1,25.17 kmpl,799 CC,265000
Mahindra,2014,145241,Diesel,Manual,1,12.05 kmpl,2179 CC,700000
Hyundai,2011,120000,CNG,Manual,4,,,170000
Tata,2017,50000,Diesel,Automatic,1,17.6 kmpl,2179 CC,1380000
Chevrolet,2015,55000,Diesel,Manual,1,25.44 kmpl,936 CC,240000
Maruti,2004,60000,Petrol,Manual,2,19.7 kmpl,796 CC,118000
Maruti,2013,140000,Petrol,Manual,1,16.02 kmpl,1373 CC,450000
Maruti,2013,120000,Diesel,Manual,1,23.2 kmpl,1248 CC,320000
Toyota,2017,157000,Diesel,Manual,1,13.68 kmpl,2393 CC,1680000
Toyota,2011,250000,Diesel,Manual,2,12.8 kmpl,2494 CC,700000
Maruti,2015,19800,Petrol,Manual,1,15.37 kmpl,1196 CC,300000
Maruti,2004,100000,Petrol,Manual,2,19.7 kmpl,796 CC,100000
Maruti,2017,110000,CNG,Manual,1,26.6 km/kg,998 CC,400000
Renault,2018,30000,Petrol,Manual,1,23.01 kmpl,999 CC,330000
Hyundai,2013,150000,Petrol,Automatic,2,15.0 kmpl,1396 CC,330000
Maruti,2013,37659,Diesel,Manual,1,20.77 kmpl,1248 CC,700000
Tata,2009,43000,Diesel,Manual,1,18.8 kmpl,1248 CC,250000
Mahindra,2017,80000,Diesel,Manual,1,16.5 kmpl,1493 CC,660000
Tata,2010,120000,Diesel,Manual,1,21.12 kmpl,1248 CC,210000
Hyundai,2015,43000,Petrol,Manual,2,21.1 kmpl,814 CC,250999
Chevrolet,2012,98000,Diesel,Manual,1,25.44 kmpl,936 CC,155000
Maruti,2016,100000,Diesel,Manual,1,24.3 kmpl,1248 CC,850000
Mahindra,2019,2000,Diesel,Manual,1,15.96 kmpl,2523 CC,800000
Toyota,2012,90000,Diesel,Manual,1,,,500000
Maruti,2013,90000,Petrol,Manual,1,18.9 kmpl,998 CC,250000
Maruti,2015,95000,Diesel,Manual,1,27.62 kmpl,793 CC,400000
Datsun,2015,80000,Petrol,Manual,1,20.63 kmpl,1198 CC,210000
Toyota,2016,60000,Diesel,Manual,2,13.68 kmpl,2393 CC,1385000
Tata,2015,60000,Petrol,Manual,1,23.9 kmpl,624 CC,80000
Maruti,2005,80000,Petrol,Manual,3,15.9 kmpl,1298 CC,93000
Ford,2011,80000,Diesel,Manual,1,20.0 kmpl,1399 CC,300000
Maruti,2005,50800,Petrol,Manual,2,19.7 kmpl,796 CC,110000
Renault,2013,75010,Diesel,Automatic,1,13.73 kmpl,1995 CC,1000000
Maruti,2006,40000,Petrol,Manual,1,19.7 kmpl,796 CC,100000
Maruti,2009,70000,Petrol,Manual,2,19.7 kmpl,796 CC,125000
Renault,2018,25000,Petrol,Manual,1,23.01 kmpl,999 CC,350000
Maruti,2002,62000,Petrol,Manual,1,16.1 kmpl,796 CC,50000
Mahindra,2012,120000,Diesel,Automatic,3,11.79 kmpl,2179 CC,440000
Maruti,2013,100000,Diesel,Manual,2,23.2 kmpl,1248 CC,300000
Maruti,2012,210000,Diesel,Manual,2,19.3 kmpl,1248 CC,370000
Tata,2011,79000,Diesel,Manual,1,21.12 kmpl,1248 CC,325000
Mahindra,2013,18000,Diesel,Manual,1,15.1 kmpl,2179 CC,900000
Maruti,2016,25000,Petrol,Manual,1,22.74 kmpl,796 CC,300000
Maruti,2016,70000,Diesel,Manual,1,28.09 kmpl,1248 CC,700000
Mahindra,2014,50000,Diesel,Manual,2,15.96 kmpl,2523 CC,600000
Toyota,2015,78000,Diesel,Manual,2,12.55 kmpl,2982 CC,1700000
Maruti,2017,80000,Diesel,Manual,1,24.3 kmpl,1248 CC,775000
Datsun,2019,2300,Petrol,Manual,1,22.7 kmpl,799 CC,270000
Maruti,2018,25000,Petrol,Manual,2,20.51 kmpl,998 CC,390000
Hyundai,2014,2350,Petrol,Manual,1,21.1 kmpl,814 CC,250000
Hyundai,2006,9558,Petrol,Manual,1,,,150000
Hyundai,2015,23000,Diesel,Manual,1,23.9 kmpl,1582 CC,575000
Volkswagen,2018,75000,Diesel,Automatic,1,21.5 kmpl,1498 CC,950000
BMW,2010,72200,Petrol,Automatic,2,10.8 kmpl,2497 CC,975000
Tata,2020,40000,Petrol,Manual,1,17.57 kmpl,1193 CC,500000
Maruti,2008,48676,Petrol,Manual,1,19.7 kmpl,796 CC,110000
Hyundai,2008,50000,Petrol,Manual,1,19.81 kmpl,1086 CC,229999
Maruti,2015,20000,Petrol,Manual,1,23.95 kmpl,998 CC,300000
BMW,2012,140000,Diesel,Automatic,2,18.88 kmpl,1995 CC,1300000
Chevrolet,2015,50000,Petrol,Manual,1,18.2 kmpl,1199 CC,350000
Hyundai,2016,35000,Petrol,Manual,1,18.6 kmpl,1197 CC,576000
Hyundai,2015,60000,Petrol,Manual,1,18.6 kmpl,1197 CC,450000
Hyundai,2014,25000,Petrol,Manual,1,21.1 kmpl,814 CC,250000
Mahindra,2014,40000,Diesel,Manual,1,15.1 kmpl,2179 CC,650000
Hyundai,2011,80000,Diesel,Manual,1,22.32 kmpl,1582 CC,475000
Honda,2017,120000,Petrol,Manual,1,15.4 kmpl,1497 CC,595000
Hyundai,2012,120000,CNG,Manual,1,21.1 km/kg,814 CC,222000
Maruti,2005,60000,Petrol,Manual,3,,,50000
Hyundai,2006,100000,Petrol,Manual,3,15.3 kmpl,1341 CC,90000
Mahindra,2010,300000,Diesel,Manual,3,13.6 kmpl,2523 CC,320000
Hyundai,2017,60000,Petrol,Manual,1,18.9 kmpl,1197 CC,480000
Hyundai,2015,70000,Diesel,Manual,1,19.67 kmpl,1582 CC,1000000
Renault,2016,90000,Diesel,Manual,2,19.87 kmpl,1461 CC,600000
Volkswagen,2019,5400,Diesel,Manual,Test Drive Car,22.27 kmpl,1498 CC,1350000
Maruti,2017,52289,Diesel,Manual,1,25.1 kmpl,1248 CC,750000
Hyundai,2017,30000,Petrol,Manual,1,18.6 kmpl,1197 CC,570000
Tata,2011,70000,Diesel,Manual,1,19.0 kmpl,1248 CC,250000
Honda,2005,80000,Petrol,Automatic,2,9.0 kmpl,2997 CC,285000
Toyota,2011,28100,Petrol,Manual,1,,,420000
Honda,2018,25000,Diesel,Manual,1,25.5 kmpl,1498 CC,800000
Ford,2018,14681,Diesel,Manual,1,,,624000
Hyundai,2011,70000,Diesel,Manual,2,21.9 kmpl,1396 CC,320000
Toyota,2007,147500,Diesel,Manual,2,12.8 kmpl,2494 CC,270000
Honda,2007,140000,Petrol,Manual,1,17.7 kmpl,1497 CC,210000
Tata,2013,175000,Diesel,Manual,2,19.09 kmpl,1396 CC,200000
Ford,2013,25000,Diesel,Manual,1,20.0 kmpl,1399 CC,250000
Mahindra,2020,50000,Diesel,Manual,1,16.36 kmpl,2179 CC,1500000
Renault,2018,13000,Petrol,Manual,1,20.71 kmpl,799 CC,390000
Tata,2010,40000,Diesel,Manual,1,16.6 kmpl,1405 CC,140000
Chevrolet,2014,90000,Diesel,Manual,2,13.58 kmpl,2499 CC,600000
Ford,2018,9500,Petrol,Manual,1,18.16 kmpl,1196 CC,575000
Honda,2017,6750,Petrol,Manual,1,18.5 kmpl,1198 CC,450000
Tata,2014,168000,Diesel,Manual,2,22.3 kmpl,1248 CC,240000
Honda,2013,100000,Diesel,Manual,1,25.8 kmpl,1498 CC,325000
Tata,2012,80000,Diesel,Manual,1,13.93 kmpl,2179 CC,390000
Maruti,2006,100000,Petrol,Manual,2,14.0 kmpl,1061 CC,150000
Mahindra,2012,120000,Diesel,Manual,1,15.96 kmpl,2523 CC,450000
Maruti,2011,85000,Diesel,Manual,2,21.5 kmpl,1248 CC,250000
Maruti,2010,48000,Petrol,Manual,2,19.7 kmpl,796 CC,160000
Hyundai,2015,30000,Petrol,Manual,1,18.6 kmpl,1197 CC,495000
Mahindra,2012,120000,Diesel,Manual,2,21.03 kmpl,1461 CC,140000
Mahindra,2014,183000,Diesel,Manual,1,15.96 kmpl,2523 CC,370000
Hyundai,2013,70000,Petrol,Manual,1,17.01 kmpl,1591 CC,400000
Hyundai,2014,80000,Diesel,Manual,2,22.32 kmpl,1582 CC,545000
Jeep,2017,120000,Diesel,Manual,1,17.1 kmpl,1956 CC,1550000
Chevrolet,2011,70000,Diesel,Manual,4,25.44 kmpl,936 CC,140000
Maruti,2019,10000,Petrol,Manual,1,21.21 kmpl,1197 CC,615000
Toyota,2017,33019,Diesel,Manual,1,13.68 kmpl,2393 CC,1748999
Skoda,2013,98000,Diesel,Manual,1,20.5 kmpl,1598 CC,455000
Maruti,2018,36521,Diesel,Manual,1,24.3 kmpl,1248 CC,725000
Honda,2015,60000,Diesel,Manual,1,27.3 kmpl,1498 CC,525000
Maruti,2015,30000,Petrol,Manual,1,20.4 kmpl,1197 CC,440000
Ford,2015,206000,Diesel,Manual,1,22.77 kmpl,1498 CC,550000
Hyundai,2013,23000,Petrol,Manual,1,17.0 kmpl,1197 CC,425000
Hyundai,2017,20000,Petrol,Manual,1,18.6 kmpl,1197 CC,690000
Hyundai,2013,110000,Diesel,Manual,2,21.27 kmpl,1396 CC,380000
Hyundai,2012,100000,Diesel,Manual,2,22.32 kmpl,1582 CC,409999
Land,2019,21000,Diesel,Automatic,1,12.83 kmpl,1999 CC,4500000
Hyundai,2014,20000,Petrol,Manual,1,18.9 kmpl,1197 CC,400000
Maruti,2007,70000,Petrol,Manual,2,18.9 kmpl,1061 CC,120000
Toyota,2018,20000,Diesel,Automatic,1,11.36 kmpl,2755 CC,1800000
Mahindra,2015,140000,Diesel,Manual,1,15.1 kmpl,2179 CC,800000
Mahindra,2014,122000,Diesel,Manual,2,15.1 kmpl,2179 CC,600000
Tata,2008,110000,Diesel,Manual,2,17.2 kmpl,1396 CC,65000
Tata,2019,20000,Petrol,Manual,1,20.3 kmpl,1199 CC,650000
Toyota,2014,217000,Diesel,Manual,2,12.99 kmpl,2494 CC,869999
Hyundai,2017,60000,Petrol,Manual,1,20.3 kmpl,998 CC,300000
Mahindra,2019,20000,Petrol,Manual,1,17.0 kmpl,1197 CC,1132000
Mahindra,2008,120000,Diesel,Manual,2,12.05 kmpl,2179 CC,290000
Maruti,2013,148000,Diesel,Manual,1,20.77 kmpl,1248 CC,509999
Maruti,2018,10000,Petrol,Manual,1,16.8 kmpl,796 CC,220000
Kia,2019,10000,Diesel,Manual,1,20.8 kmpl,1493 CC,643000
Chevrolet,2012,110000,Diesel,Manual,1,25.44 kmpl,936 CC,150000
Ford,2018,19000,Diesel,Manual,1,23.0 kmpl,1498 CC,900000
Maruti,2011,60000,Diesel,Manual,1,19.3 kmpl,1248 CC,265000
Renault,2017,20000,Petrol,Manual,1,23.01 kmpl,999 CC,330000
Mahindra,2015,120000,Diesel,Manual,1,18.49 kmpl,1493 CC,500000
Toyota,2012,100000,Diesel,Manual,1,,,311000
Maruti,2009,58000,Petrol,Manual,1,19.7 kmpl,796 CC,120000
Hyundai,2009,60000,Petrol,Manual,1,20.36 kmpl,1197 CC,215000
Mahindra,2014,60000,Diesel,Manual,1,15.96 kmpl,2523 CC,515000
Mahindra,2014,120000,Diesel,Manual,1,15.96 kmpl,2523 CC,430000
Honda,2018,93000,Diesel,Manual,1,27.4 kmpl,1498 CC,670000
Maruti,2010,66444,CNG,Manual,1,26.2 km/kg,998 CC,160000
Toyota,2013,39000,Petrol,Automatic,1,14.28 kmpl,1798 CC,625000
BMW,2019,8500,Diesel,Automatic,1,16.78 kmpl,1995 CC,5500000
Maruti,2015,50000,Diesel,Manual,1,20.77 kmpl,1248 CC,700000
Ford,2010,120000,Diesel,Manual,1,20.0 kmpl,1399 CC,200000
Maruti,2016,46000,Diesel,Manual,2,24.3 kmpl,1248 CC,950000
Hyundai,2016,50000,Diesel,Manual,1,19.67 kmpl,1582 CC,1140000
Maruti,2013,90000,Diesel,Manual,2,22.9 kmpl,1248 CC,370000
Honda,2010,110000,Petrol,Automatic,3,15.6 kmpl,1497 CC,409999
Hyundai,2015,93000,Petrol,Manual,1,19.1 kmpl,1197 CC,409999
Mahindra,2016,48000,Diesel,Manual,2,16.0 kmpl,2179 CC,925000
Tata,2017,85000,Diesel,Manual,1,20.65 kmpl,1248 CC,400000
Mahindra,2009,176000,Diesel,Manual,2,17.0 kmpl,1461 CC,200000
Maruti,2016,50000,Diesel,Manual,2,24.52 kmpl,1248 CC,780000
Hyundai,2000,50000,Petrol,Manual,2,,,140000
Tata,2013,95500,Diesel,Manual,2,14.0 kmpl,2179 CC,466000
Mahindra,2018,20000,Diesel,Manual,1,18.49 kmpl,2179 CC,850000
Mahindra,2012,76000,Diesel,Manual,1,15.96 kmpl,2523 CC,500000
Hyundai,2014,40000,Petrol,Manual,1,21.1 kmpl,814 CC,250000
Chevrolet,2006,100000,Diesel,Manual,1,14.8 kmpl,2499 CC,225000
Toyota,2016,65000,Diesel,Manual,1,12.99 kmpl,2494 CC,1000000
Mahindra,2016,100000,Diesel,Manual,1,17.45 kmpl,1493 CC,600000
Maruti,1997,100000,Petrol,Manual,2,17.3 kmpl,993 CC,70000
Tata,2011,85000,Diesel,Manual,2,18.0 kmpl,1248 CC,125000
Honda,2014,120000,Diesel,Manual,2,26.0 kmpl,1498 CC,640000
Mahindra,2017,142000,Diesel,Manual,1,18.49 kmpl,1493 CC,509999
Chevrolet,2010,90000,Diesel,Manual,2,18.3 kmpl,1991 CC,270000
Honda,2017,69000,Diesel,Manual,1,25.6 kmpl,1498 CC,925000
Tata,2013,110000,Diesel,Manual,1,19.4 kmpl,1405 CC,160000
Maruti,2017,46000,Petrol,Manual,1,22.0 kmpl,1197 CC,509999
Toyota,2016,90000,Diesel,Manual,1,13.68 kmpl,2393 CC,1650000
Maruti,2003,147000,Petrol,Manual,4,18.9 kmpl,998 CC,50000
Hyundai,2019,43000,Diesel,Manual,1,22.54 kmpl,1396 CC,811000
Maruti,2020,16000,CNG,Manual,1,33.0 km/kg,796 CC,370000
Maruti,2009,120000,Petrol,Manual,1,17.5 kmpl,1298 CC,240000
Hyundai,2019,4337,Petrol,Automatic,1,18.9 kmpl,1197 CC,625000
Hyundai,2008,60000,Petrol,Manual,2,19.81 kmpl,1086 CC,200000
Maruti,2012,70000,Petrol,Manual,2,19.7 kmpl,796 CC,180000
Mahindra,2013,70000,Diesel,Manual,2,15.1 kmpl,2179 CC,750000
Renault,2013,90000,Diesel,Manual,1,23.08 kmpl,1461 CC,290000
Volkswagen,2012,108000,Diesel,Automatic,1,17.42 kmpl,1968 CC,900000
Hyundai,2012,27000,Petrol,Manual,1,20.36 kmpl,1197 CC,290000
Hyundai,2006,100000,Petrol,Manual,2,,,140000
Maruti,2014,80000,Petrol,Manual,3,16.02 kmpl,1373 CC,425000
Maruti,2017,57247,Petrol,Automatic,1,20.89 kmpl,1197 CC,490000
Volkswagen,2015,110000,Diesel,Manual,2,20.14 kmpl,1498 CC,520000
Mahindra,2007,110000,Diesel,Manual,2,10.5 kmpl,2179 CC,300000
Honda,2015,140000,Diesel,Manual,2,25.1 kmpl,1498 CC,700000
Mahindra,2008,120000,Diesel,Manual,1,13.6 kmpl,2523 CC,250000
Hyundai,2014,23000,Petrol,Manual,2,20.36 kmpl,1197 CC,348000
Maruti,2017,75000,Diesel,Manual,1,26.59 kmpl,1248 CC,650000
Hyundai,2016,26000,Petrol,Manual,1,18.9 kmpl,1197 CC,490000
Tata,2012,100000,Diesel,Manual,2,,,250000
Mahindra,2015,100000,Diesel,Automatic,2,16.0 kmpl,2179 CC,900000
Mahindra,2017,70000,Diesel,Manual,1,16.5 kmpl,1493 CC,735000
Hyundai,2010,60000,Petrol,Manual,1,18.5 kmpl,1197 CC,270000
Chevrolet,2010,70000,Petrol,Manual,1,16.0 kmpl,995 CC,125000
Hyundai,2008,80000,Petrol,Manual,2,19.81 kmpl,1086 CC,135000
Maruti,2013,43000,Petrol,Manual,2,19.0 kmpl,998 CC,235000
Hyundai,2015,80000,Diesel,Manual,2,23.9 kmpl,1582 CC,600000
Mahindra,2018,70000,Diesel,Manual,1,16.5 kmpl,1493 CC,750000
Toyota,2011,291000,Diesel,Manual,2,12.8 kmpl,2494 CC,750000
Mahindra,2011,100000,Diesel,Manual,2,15.96 kmpl,2523 CC,250000
Maruti,2019,14000,Petrol,Automatic,1,23.95 kmpl,998 CC,380000
Maruti,2011,50000,Petrol,Manual,2,15.37 kmpl,1196 CC,145000
Mahindra,2014,120000,Diesel,Manual,1,15.1 kmpl,2179 CC,880000
Maruti,2013,77000,Diesel,Manual,1,22.9 kmpl,1248 CC,375000
Maruti,2017,47747,Diesel,Manual,1,28.09 kmpl,1248 CC,810000
Mahindra,2011,175000,Diesel,Manual,3,13.6 kmpl,2523 CC,320000
Maruti,2018,15000,Petrol,Manual,1,21.1 kmpl,998 CC,750000
Renault,2015,125000,Diesel,Manual,1,21.04 kmpl,1461 CC,600000
Tata,2012,178000,Diesel,Manual,2,22.3 kmpl,1248 CC,285000
Maruti,2005,59635,Petrol,Manual,2,,,105000
Maruti,2015,40000,Petrol,Manual,1,23.95 kmpl,998 CC,300000
Mahindra,2017,54000,Diesel,Manual,1,16.0 kmpl,2179 CC,1625000
Maruti,2007,90000,CNG,Manual,2,17.3 km/kg,1061 CC,105000
Ford,2011,155000,Diesel,Manual,2,17.8 kmpl,1399 CC,220000
Hyundai,2011,70000,Petrol,Manual,1,18.5 kmpl,1197 CC,220000
Volkswagen,2015,50000,Diesel,Manual,1,20.14 kmpl,1498 CC,434999
Mahindra,2019,32000,Diesel,Manual,1,15.1 kmpl,2179 CC,1700000
Maruti,2016,50000,Petrol,Manual,1,20.51 kmpl,998 CC,325000
Maruti,2015,68000,Diesel,Manual,2,20.77 kmpl,1248 CC,571000
Hyundai,2018,28451,Petrol,Manual,1,18.6 kmpl,1197 CC,700000
Mahindra,2011,100000,Diesel,Manual,4,13.5 kmpl,2179 CC,360000
Volvo,2016,48000,Diesel,Automatic,1,9.0 kmpl,1984 CC,1950000
Maruti,2009,70000,Petrol,Manual,2,18.9 kmpl,1061 CC,142000
Hyundai,2015,43000,Petrol,Manual,1,21.1 kmpl,814 CC,270000
Mahindra,2014,120000,Diesel,Manual,1,12.05 kmpl,2179 CC,675000
Mahindra,2015,150000,Diesel,Manual,1,15.4 kmpl,1997 CC,650000
Hyundai,2019,15000,Petrol,Manual,1,17.0 kmpl,1591 CC,990000
Hyundai,2010,110000,Petrol,Manual,1,20.36 kmpl,1197 CC,210000
Hyundai,2014,90000,Petrol,Manual,1,21.1 kmpl,814 CC,280000
Hyundai,2014,80000,Diesel,Manual,2,24.0 kmpl,1120 CC,430000
Tata,2013,80000,Diesel,Manual,2,13.7 kmpl,2197 CC,450000
Mahindra,2016,25000,Diesel,Manual,1,16.0 kmpl,2179 CC,1350000
Maruti,2017,30000,Diesel,Manual,1,25.2 kmpl,1248 CC,590000
Honda,2015,93000,Diesel,Manual,2,24.5 kmpl,1498 CC,570000
Hyundai,2018,30000,Diesel,Manual,1,24.0 kmpl,1186 CC,540000
Maruti,2007,70000,Petrol,Manual,3,15.9 kmpl,1298 CC,55000
Tata,2013,120000,Diesel,Manual,1,22.3 kmpl,1248 CC,120000
Maruti,2009,67000,Petrol,Manual,1,18.9 kmpl,1061 CC,175000
Maruti,2009,80000,Petrol,Manual,1,17.5 kmpl,1298 CC,250000
Maruti,2017,60000,Diesel,Manual,1,24.3 kmpl,1248 CC,725000
Chevrolet,2013,60000,Diesel,Manual,2,25.44 kmpl,936 CC,200000
Hyundai,2019,4000,Petrol,Manual,1,18.6 kmpl,1197 CC,693000
Hyundai,2017,37800,Petrol,Manual,1,17.0 kmpl,1591 CC,866000
Maruti,2018,25000,Petrol,Manual,1,16.8 kmpl,796 CC,254999
Hyundai,2008,60000,Petrol,Manual,3,15.0 kmpl,1086 CC,155000
Honda,2011,80000,Petrol,Manual,3,17.0 kmpl,1497 CC,450000
Volkswagen,2015,43001,Diesel,Manual,1,22.27 kmpl,1498 CC,560000
Toyota,2015,137000,Diesel,Manual,1,12.99 kmpl,2494 CC,1100000
Chevrolet,2016,70000,Diesel,Manual,1,18.2 kmpl,1248 CC,420000
Maruti,2013,37500,Diesel,Manual,2,20.77 kmpl,1248 CC,680000
Maruti,2017,100000,Diesel,Manual,2,24.52 kmpl,1248 CC,800000
Maruti,2009,80000,Petrol,Manual,3,19.7 kmpl,796 CC,130000
Maruti,2016,60000,Petrol,Manual,1,16.8 kmpl,796 CC,210000
Honda,2018,40000,Diesel,Manual,1,25.8 kmpl,1498 CC,675000
Hyundai,2005,89500,Petrol,Manual,1,,,99000
Hyundai,2014,60000,Diesel,Manual,1,24.0 kmpl,1120 CC,425000
Mahindra,2016,100000,Diesel,Manual,1,15.4 kmpl,1997 CC,1100000
Nissan,2013,50000,Diesel,Manual,1,21.64 kmpl,1461 CC,325000
Mahindra,2016,150000,Diesel,Manual,1,15.96 kmpl,2523 CC,550000
Tata,2012,60000,Diesel,Manual,1,25.0 kmpl,1396 CC,260000
Maruti,2017,30000,Diesel,Manual,1,27.39 kmpl,1248 CC,620000
Maruti,2008,110000,Petrol,Manual,3,15.6 kmpl,1586 CC,111000
Mercedes-Benz,2014,70000,Diesel,Automatic,1,11.74 kmpl,2987 CC,2575000
Ford,2014,105000,Diesel,Manual,1,21.7 kmpl,1498 CC,550000
Chevrolet,2011,80000,Diesel,Manual,2,18.3 kmpl,1991 CC,409999
Toyota,2006,270000,Diesel,Manual,3,12.8 kmpl,2494 CC,425000
Hyundai,2017,67000,Diesel,Automatic,1,17.01 kmpl,1582 CC,1100000
Maruti,2010,100000,Petrol,Manual,4,14.0 kmpl,796 CC,60000
Hyundai,2018,46000,Diesel,Manual,1,19.67 kmpl,1582 CC,1237000
Hyundai,2017,25000,Petrol,Manual,1,18.9 kmpl,1197 CC,509999
Maruti,2013,100000,Diesel,Manual,1,23.4 kmpl,1248 CC,550000
Maruti,2015,84000,Petrol,Manual,2,23.1 kmpl,998 CC,330000
Volkswagen,2017,40000,Diesel,Manual,1,21.66 kmpl,1498 CC,575000
Maruti,2018,11500,Petrol,Manual,1,23.95 kmpl,998 CC,375000
Hyundai,2013,80000,Petrol,Manual,1,17.92 kmpl,1086 CC,220000
Volkswagen,2011,90000,Diesel,Manual,1,20.54 kmpl,1598 CC,225000
Renault,2015,210000,Petrol,Manual,2,25.17 kmpl,799 CC,210000
Maruti,2010,44000,CNG,Manual,1,26.2 km/kg,998 CC,225000
Hyundai,2018,29000,Diesel,Manual,1,24.0 kmpl,1186 CC,700000
Mahindra,2016,91182,Diesel,Manual,1,15.96 kmpl,2523 CC,700000
Maruti,2004,46000,Petrol,Manual,4,16.1 kmpl,796 CC,75000
Ford,2018,20706,Diesel,Manual,1,23.8 kmpl,1499 CC,650000
Maruti,2015,20000,Petrol,Manual,2,20.51 kmpl,998 CC,369000
Mahindra,2015,100000,Diesel,Manual,1,18.49 kmpl,1493 CC,730000
Maruti,2018,30000,Petrol,Automatic,1,20.51 kmpl,998 CC,448000
Maruti,2008,100000,Diesel,Manual,2,17.8 kmpl,1248 CC,290000
Mahindra,2019,28000,Diesel,Manual,1,15.1 kmpl,2179 CC,1550000
Mercedes-Benz,2017,48000,Diesel,Automatic,2,17.9 kmpl,2143 CC,2100000
Mahindra,2007,80000,Diesel,Manual,2,13.6 kmpl,2523 CC,240000
Honda,2017,20000,Petrol,Automatic,1,18.0 kmpl,1497 CC,1100000
Honda,2016,50000,Petrol,Automatic,1,18.0 kmpl,1497 CC,750000
Mahindra,2017,45000,Diesel,Manual,1,16.5 kmpl,1493 CC,660000
Mahindra,2014,37000,Diesel,Manual,1,15.96 kmpl,2523 CC,480000
Maruti,2016,50000,Diesel,Manual,2,25.2 kmpl,1248 CC,520000
Renault,2018,5000,Petrol,Manual,1,23.01 kmpl,999 CC,380000
Volkswagen,2020,25000,Diesel,Manual,1,21.66 kmpl,1498 CC,800000
Hyundai,2011,20000,Petrol,Automatic,1,16.95 kmpl,1197 CC,265000
Hyundai,2003,40000,Petrol,Manual,2,14.4 kmpl,1599 CC,80000
Hyundai,2014,80000,Petrol,Manual,1,18.9 kmpl,1197 CC,378000
Chevrolet,2011,99500,Diesel,Manual,3,11.5 kmpl,1991 CC,500000
Mahindra,2016,90000,Diesel,Automatic,2,18.49 kmpl,1493 CC,600000
Maruti,2010,75000,Petrol,Manual,2,19.7 kmpl,796 CC,170000
Mahindra,2014,70000,Diesel,Manual,2,16.55 kmpl,2498 CC,525000
Toyota,2012,107500,Diesel,Manual,2,,,400000
Maruti,2015,40000,Petrol,Manual,1,22.74 kmpl,796 CC,270000
Hyundai,2011,93000,Diesel,Manual,2,21.9 kmpl,1396 CC,350000
Hyundai,2016,133000,Diesel,Manual,1,21.38 kmpl,1396 CC,950000
Maruti,2012,80000,Petrol,Manual,1,20.92 kmpl,998 CC,110000
Maruti,2002,70000,Petrol,Manual,2,16.1 kmpl,796 CC,45000
Maruti,2017,40000,Petrol,Manual,1,20.89 kmpl,1197 CC,370000
Maruti,2012,35000,Petrol,Manual,1,17.5 kmpl,1197 CC,350000
Maruti,2017,40000,Diesel,Manual,1,28.4 kmpl,1248 CC,740000
Volkswagen,2016,70000,Petrol,Automatic,1,16.34 kmpl,1798 CC,800000
Tata,2013,120000,Diesel,Manual,3,15.42 kmpl,1405 CC,135000
Hyundai,2013,110000,Petrol,Manual,1,18.5 kmpl,1197 CC,320000
Mahindra,2011,100000,Diesel,Manual,2,13.0 kmpl,2489 CC,250000
Renault,2013,120000,Diesel,Manual,2,19.01 kmpl,1461 CC,650000
Hyundai,2010,80000,Diesel,Manual,2,23.0 kmpl,1396 CC,285000
Mahindra,2016,70000,Diesel,Manual,1,15.4 kmpl,1997 CC,750000
Maruti,2018,10000,Petrol,Automatic,1,23.1 kmpl,998 CC,545000
Maruti,2009,70000,Diesel,Manual,2,19.3 kmpl,1248 CC,240000
Maruti,2017,76000,Diesel,Manual,1,25.47 kmpl,1248 CC,725000
Volkswagen,2011,100000,Diesel,Manual,2,20.54 kmpl,1598 CC,370000
Maruti,2007,160000,Petrol,Manual,4,18.2 kmpl,998 CC,85000
Hyundai,2018,40000,Petrol,Manual,1,18.6 kmpl,1197 CC,600000
Honda,2018,10200,Petrol,Manual,1,17.4 kmpl,1497 CC,949000
Hyundai,2008,61000,Diesel,Manual,2,17.1 kmpl,1493 CC,175000
Mahindra,2018,40000,Diesel,Manual,1,16.0 kmpl,2179 CC,1350000
Chevrolet,2011,100000,Petrol,Manual,2,18.0 kmpl,995 CC,114999
Maruti,2006,60000,Petrol,Automatic,1,18.9 kmpl,998 CC,75000
Maruti,2014,120000,Petrol,Manual,1,19.1 kmpl,1197 CC,400000
Mercedes-Benz,2017,10000,Diesel,Automatic,2,17.9 kmpl,2143 CC,2199000
Hyundai,2006,80000,Petrol,Manual,2,,,145000
Hyundai,2011,89000,Diesel,Manual,1,23.0 kmpl,1396 CC,470000
Maruti,2015,80000,Diesel,Manual,1,25.2 kmpl,1248 CC,600000
Maruti,2012,40000,Petrol,Manual,1,18.5 kmpl,1197 CC,320000
Jaguar,2017,9000,Diesel,Automatic,1,13.6 kmpl,1999 CC,2625000
Maruti,2015,33000,Petrol,Manual,1,20.73 kmpl,1373 CC,610000
Maruti,2015,90000,Diesel,Manual,1,23.2 kmpl,1248 CC,350000
Hyundai,2016,23000,Diesel,Manual,1,24.0 kmpl,1120 CC,610000
Maruti,2012,70000,Diesel,Manual,1,23.2 kmpl,1248 CC,300000
Maruti,2015,54723,Diesel,Manual,1,25.2 kmpl,1248 CC,470000
Maruti,2018,15000,Diesel,Manual,1,25.1 kmpl,1248 CC,990000
Maruti,2017,70000,Diesel,Manual,1,28.4 kmpl,1248 CC,655000
Ford,2015,80000,Diesel,Manual,1,25.83 kmpl,1498 CC,480000
Hyundai,2007,110000,Petrol,Manual,2,15.3 kmpl,1341 CC,120000
Ford,2012,60000,Diesel,Manual,2,23.5 kmpl,1498 CC,280000
Honda,2015,173000,Diesel,Manual,1,25.1 kmpl,1498 CC,635000
Volkswagen,2013,100000,Diesel,Manual,1,20.54 kmpl,1598 CC,350000
Hyundai,2011,100000,Petrol,Manual,1,19.81 kmpl,1086 CC,206000
Tata,2009,120000,Diesel,Manual,2,17.88 kmpl,1396 CC,90000
Maruti,2018,25000,Diesel,Manual,1,28.09 kmpl,1248 CC,750000
Datsun,2015,15000,Petrol,Manual,1,20.62 kmpl,1198 CC,300000
Hyundai,2014,10000,Petrol,Manual,1,21.1 kmpl,814 CC,250000
Maruti,2016,8588,Petrol,Manual,1,22.0 kmpl,1197 CC,550000
Maruti,2010,120000,Diesel,Manual,2,17.8 kmpl,1248 CC,260000
Maruti,2018,20375,Petrol,Manual,1,20.89 kmpl,1197 CC,480000
Maruti,2000,50000,Petrol,Manual,2,16.1 kmpl,796 CC,45000
Hyundai,2016,80000,Diesel,Manual,1,22.54 kmpl,1396 CC,511000
Maruti,2019,5000,Petrol,Automatic,1,21.4 kmpl,1197 CC,675000
Mahindra,2017,40000,Diesel,Manual,1,16.5 kmpl,1493 CC,620000
Maruti,2010,200000,Petrol,Manual,1,19.0 kmpl,998 CC,160000
Mahindra,2011,116000,Diesel,Manual,1,14.0 kmpl,2498 CC,240000
Honda,2014,80000,Diesel,Manual,2,25.1 kmpl,1498 CC,750000
Ford,2018,53000,Diesel,Manual,1,23.0 kmpl,1498 CC,700000
Tata,2007,100000,Diesel,Manual,3,16.1 kmpl,1405 CC,130000
Skoda,2012,140000,Diesel,Manual,1,20.5 kmpl,1598 CC,295000
Hyundai,2015,40000,Petrol,Automatic,1,18.9 kmpl,1197 CC,400000
Tata,2014,101200,Diesel,Manual,2,15.3 kmpl,2956 CC,350000
Toyota,2004,90000,Petrol,Manual,2,13.4 kmpl,1794 CC,135000
Hyundai,2012,65000,Petrol,Manual,1,20.36 kmpl,1197 CC,280000
Tata,2017,20000,Petrol,Manual,1,23.84 kmpl,1199 CC,475000
Volkswagen,2012,80000,Petrol,Manual,1,16.47 kmpl,1198 CC,415000
Maruti,2011,140000,Diesel,Manual,1,21.1 kmpl,1248 CC,160000
Hyundai,2008,85000,Diesel,Manual,2,16.8 kmpl,1493 CC,220000
Honda,2014,40000,Diesel,Manual,2,24.2 kmpl,1498 CC,600000
Tata,2011,50000,Diesel,Manual,1,21.12 kmpl,1248 CC,275000
Honda,2017,28000,Petrol,Manual,1,17.8 kmpl,1497 CC,860000
Maruti,2007,80000,Petrol,Manual,2,17.3 kmpl,1061 CC,100000
Hyundai,2012,100000,Petrol,Manual,2,18.5 kmpl,1197 CC,320000
Maruti,2010,120000,Diesel,Manual,2,,,315000
Maruti,2013,120000,Diesel,Manual,2,20.77 kmpl,1248 CC,450000
Maruti,2013,110000,Diesel,Manual,1,20.77 kmpl,1248 CC,497000
Mahindra,2015,188000,Diesel,Manual,1,16.0 kmpl,2179 CC,950000
Toyota,2011,100000,Diesel,Manual,2,23.59 kmpl,1364 CC,350000
Maruti,2016,80000,Diesel,Manual,1,26.59 kmpl,1248 CC,690000
Maruti,2017,65000,Petrol,Manual,2,20.51 kmpl,998 CC,400000
Tata,2009,118000,Diesel,Manual,2,16.8 kmpl,1405 CC,90000
Hyundai,2012,109322,Petrol,Manual,2,16.36 kmpl,1495 CC,225000
Tata,2011,120000,Diesel,Manual,1,13.93 kmpl,2179 CC,240000
Tata,2012,190000,Diesel,Manual,3,,,254999
Maruti,2013,52000,Petrol,Manual,1,24.7 kmpl,796 CC,235000
Audi,2013,33900,Diesel,Automatic,2,17.68 kmpl,1968 CC,1750000
Honda,2008,120000,Petrol,Manual,2,17.7 kmpl,1497 CC,250000
Hyundai,2009,50000,Petrol,Manual,2,19.81 kmpl,1086 CC,229999
Hyundai,2016,14000,Petrol,Manual,2,18.6 kmpl,1197 CC,550000
Ambassador,2000,90000,Diesel,Manual,2,12.8 kmpl,1489 CC,75000
Hyundai,2014,84784,Diesel,Manual,1,24.0 kmpl,1120 CC,350000
Tata,2012,90000,Diesel,Manual,1,13.93 kmpl,2179 CC,725000
Tata,2010,100000,Diesel,Manual,1,11.57 kmpl,2179 CC,300000
Maruti,2013,100000,Diesel,Manual,1,23.4 kmpl,1248 CC,525000
Maruti,2016,20000,Petrol,Manual,1,20.4 kmpl,1197 CC,520000
Hyundai,2018,6000,Petrol,Manual,1,18.6 kmpl,1197 CC,700000
Maruti,2012,100000,CNG,Manual,3,26.2 km/kg,998 CC,297000
Hyundai,2007,2360457,Petrol,Manual,2,18.6 kmpl,1197 CC,550000
Hyundai,2016,44000,Petrol,Manual,2,19.1 kmpl,1197 CC,386000
Maruti,2019,10000,Petrol,Automatic,1,21.21 kmpl,1197 CC,610000
Honda,2012,97000,Petrol,Manual,2,19.4 kmpl,1198 CC,250000
Tata,2014,100000,Diesel,Manual,1,19.1 kmpl,1405 CC,280000
Maruti,2018,10000,Diesel,Manual,1,25.47 kmpl,1248 CC,1050000
Toyota,2006,100000,Petrol,Manual,4,13.4 kmpl,1794 CC,150000
Mahindra,2019,18000,Diesel,Manual,1,15.1 kmpl,2179 CC,1575000
Mahindra,1996,5000,Diesel,Manual,2,,,163000
Mercedes-Benz,2014,42000,Petrol,Automatic,1,11.9 kmpl,1595 CC,1250000
Honda,2005,130000,Petrol,Manual,1,13.0 kmpl,1343 CC,55000
Tata,2014,86000,Diesel,Manual,2,14.0 kmpl,2179 CC,521000
Hyundai,2008,30000,Petrol,Manual,2,19.81 kmpl,1086 CC,130000
Maruti,2016,86000,Diesel,Manual,1,24.3 kmpl,1248 CC,700000
Tata,2011,156000,Diesel,Manual,1,11.57 kmpl,2179 CC,350000
Maruti,2013,100000,Diesel,Manual,2,23.4 kmpl,1248 CC,409999
Maruti,2007,10000,Petrol,Manual,1,16.1 kmpl,796 CC,35000
Maruti,2009,60000,Petrol,Manual,1,19.0 kmpl,998 CC,300000
Ford,2016,85000,Diesel,Automatic,2,12.62 kmpl,2198 CC,2100000
Hyundai,2015,120000,Diesel,Manual,2,19.67 kmpl,1582 CC,880000
Hyundai,2016,63000,Diesel,Manual,3,24.0 kmpl,1120 CC,330000
Maruti,2007,150000,Diesel,Manual,4,17.8 kmpl,1248 CC,250000
Ford,2018,37161,Diesel,Manual,1,22.7 kmpl,1498 CC,800000
Maruti,2011,40000,Petrol,Manual,1,18.9 kmpl,998 CC,270000
Renault,2012,110000,Diesel,Manual,2,23.08 kmpl,1461 CC,225000
Honda,2017,26000,Petrol,Automatic,1,18.0 kmpl,1497 CC,1100000
Maruti,2019,60000,Diesel,Manual,1,25.1 kmpl,1248 CC,900000
Maruti,2014,90000,Petrol,Manual,2,23.95 kmpl,998 CC,240000
Honda,2017,11688,Petrol,Manual,1,17.8 kmpl,1497 CC,850000
Maruti,2019,7500,Petrol,Automatic,1,21.21 kmpl,1197 CC,600000
Maruti,2013,41800,Petrol,Manual,1,18.6 kmpl,1197 CC,450000
Maruti,2018,30000,Petrol,Automatic,1,20.51 kmpl,998 CC,472000
Maruti,2015,40000,Petrol,Manual,2,16.02 kmpl,1373 CC,600000
Mahindra,2011,170000,Diesel,Manual,2,21.0 kmpl,1461 CC,229999
Tata,2012,90000,Diesel,Manual,1,19.09 kmpl,1396 CC,150000
Maruti,2012,193000,Diesel,Manual,1,19.3 kmpl,1248 CC,320000
Hyundai,2017,48698,Diesel,Manual,1,19.67 kmpl,1582 CC,975000
Maruti,2003,90000,Petrol,Manual,4,16.1 kmpl,796 CC,65000
Maruti,2005,90000,Petrol,Automatic,2,19.7 kmpl,796 CC,80000
Maruti,2015,46357,Petrol,Manual,2,20.51 kmpl,998 CC,350000
Ford,2014,130000,Diesel,Manual,2,22.77 kmpl,1498 CC,500000
Hyundai,2009,100000,Diesel,Manual,1,18.1 kmpl,1493 CC,375000
Hyundai,2014,50000,Petrol,Manual,1,21.1 kmpl,814 CC,290000
Maruti,2019,10000,Petrol,Manual,1,21.01 kmpl,1197 CC,556000
Ford,2020,5000,Petrol,Manual,2,19.0 kmpl,1194 CC,400000
Tata,2019,30000,Petrol,Automatic,1,23.84 kmpl,1199 CC,550000
Chevrolet,2013,70000,Diesel,Manual,2,18.2 kmpl,1248 CC,380000
Hyundai,2015,80000,Diesel,Manual,1,23.9 kmpl,1582 CC,600000
Maruti,2009,71000,Petrol,Manual,1,16.1 kmpl,1197 CC,229999
Maruti,2012,60000,Diesel,Manual,1,19.3 kmpl,1248 CC,380000
Hyundai,2010,70000,CNG,Manual,3,13.45 km/kg,1086 CC,150000
Tata,2019,8079,Diesel,Manual,1,24.7 kmpl,1047 CC,900000
Maruti,2010,90000,Petrol,Manual,3,19.7 kmpl,796 CC,135000
Mahindra,2018,60000,Petrol,Manual,1,18.15 kmpl,1198 CC,500000
Maruti,2019,9000,Petrol,Automatic,1,21.63 kmpl,998 CC,470000
Hyundai,2008,128000,Petrol,Manual,1,0.0 kmpl,1086 CC,105000
Maruti,2018,30000,Petrol,Manual,1,24.7 kmpl,796 CC,300000
Maruti,2018,30000,Petrol,Automatic,1,23.1 kmpl,998 CC,470000
Tata,2017,35000,Petrol,Manual,2,23.84 kmpl,1199 CC,430000
Datsun,2017,30000,Petrol,Manual,1,22.7 kmpl,799 CC,290000
Maruti,2017,70000,Diesel,Manual,1,28.4 kmpl,1248 CC,700000
Maruti,2011,210000,Diesel,Manual,1,22.9 kmpl,1248 CC,280000
Mahindra,2018,22000,Diesel,Manual,1,21.03 kmpl,1461 CC,750000
Maruti,2017,20000,Petrol,Automatic,1,20.51 kmpl,998 CC,475000
Maruti,2016,108000,Diesel,Manual,1,23.65 kmpl,1248 CC,675000
Maruti,2016,35000,Petrol,Automatic,1,23.1 kmpl,998 CC,400000
Maruti,2015,40000,Diesel,Manual,3,28.09 kmpl,1248 CC,550000
Honda,2009,70000,Petrol,Manual,1,13.5 kmpl,1799 CC,240000
Maruti,2019,6500,Diesel,Automatic,1,24.3 kmpl,1248 CC,860000
Maruti,2007,60000,Petrol,Manual,1,19.7 kmpl,796 CC,135000
Maruti,2014,88000,Diesel,Manual,1,23.4 kmpl,1248 CC,580000
Maruti,2004,80000,Petrol,Manual,2,16.1 kmpl,796 CC,81000
Maruti,2007,80000,Petrol,Manual,2,18.2 kmpl,1061 CC,70000
Honda,2010,25000,Petrol,Automatic,1,16.8 kmpl,1497 CC,800000
BMW,2018,22000,Diesel,Automatic,1,17.09 kmpl,2993 CC,5500000
Maruti,2016,20000,Petrol,Manual,1,20.4 kmpl,1197 CC,540000
Renault,2016,66693,Petrol,Manual,1,25.17 kmpl,799 CC,300000
Tata,2017,90000,Petrol,Manual,1,23.84 kmpl,1199 CC,450000
Ford,2017,165000,Diesel,Manual,1,,,580000
Renault,2018,20000,Petrol,Manual,1,23.01 kmpl,999 CC,395000
Mahindra,2018,50000,Diesel,Manual,1,17.3 kmpl,1497 CC,1200000
Maruti,2017,60000,Diesel,Manual,1,25.2 kmpl,1248 CC,455000
MG,2019,19000,Petrol,Automatic,1,13.96 kmpl,1451 CC,1750000
Maruti,2017,40000,Diesel,Manual,1,28.4 kmpl,1248 CC,754000
Maruti,2010,180000,Diesel,Manual,1,19.3 kmpl,1248 CC,315000
Ford,2017,60000,Diesel,Manual,1,22.77 kmpl,1498 CC,800000
Maruti,2010,120000,Petrol,Manual,2,18.5 kmpl,1197 CC,170000
Maruti,2008,60000,Diesel,Manual,2,17.8 kmpl,1248 CC,175000
Maruti,2012,70000,Diesel,Manual,2,21.5 kmpl,1248 CC,350000
Tata,2016,63000,Diesel,Manual,1,15.3 kmpl,2956 CC,445000
Hyundai,2014,50000,Diesel,Manual,2,24.0 kmpl,1120 CC,380000
Nissan,2014,90000,Diesel,Manual,1,20.45 kmpl,1461 CC,472000
Hyundai,1999,140000,Petrol,Manual,3,,,60000
Maruti,2010,170000,Petrol,Manual,2,,,120000
Maruti,2019,5000,Petrol,Manual,1,21.21 kmpl,1197 CC,610000
Hyundai,2008,40000,Petrol,Manual,1,0.0 kmpl,1086 CC,175000
Maruti,2007,88700,Petrol,Manual,3,19.7 kmpl,796 CC,130000
Chevrolet,2016,30000,Petrol,Manual,1,18.2 kmpl,1199 CC,400000
Maruti,2014,70000,Diesel,Manual,1,25.2 kmpl,1248 CC,360000
Hyundai,2010,80000,Petrol,Manual,2,0.0 kmpl,1086 CC,110000
Hyundai,2018,11000,Petrol,Manual,1,15.8 kmpl,1591 CC,1220000
Maruti,2012,90000,Diesel,Manual,3,19.3 kmpl,1248 CC,320000
Ford,2018,30000,Diesel,Manual,2,23.0 kmpl,1498 CC,810000
Maruti,2007,120000,Petrol,Manual,2,19.7 kmpl,796 CC,110000
Mahindra,2012,120000,Diesel,Manual,4,14.0 kmpl,2498 CC,350000
Hyundai,2011,60000,Petrol,Manual,2,19.81 kmpl,1086 CC,270000
Hyundai,2018,50000,Diesel,Manual,1,24.0 kmpl,1186 CC,550000
Hyundai,2003,70000,Petrol,Manual,2,13.2 kmpl,1495 CC,59000
Ford,2017,35000,Diesel,Manual,1,25.83 kmpl,1498 CC,700000
Mahindra,2013,80000,Diesel,Manual,2,12.05 kmpl,2179 CC,550000
Maruti,2018,20000,Petrol,Manual,1,21.4 kmpl,1197 CC,560000
Hyundai,2016,40000,Petrol,Manual,1,18.6 kmpl,1197 CC,550000
Chevrolet,2008,90000,Diesel,Manual,4,16.52 kmpl,1991 CC,210000
Chevrolet,2012,100000,Diesel,Manual,3,25.44 kmpl,936 CC,225000
Mahindra,2007,110000,Diesel,Manual,1,10.5 kmpl,2179 CC,300000
Hyundai,2010,59734,Petrol,Automatic,1,16.95 kmpl,1197 CC,258000
BMW,2016,40000,Diesel,Automatic,1,18.12 kmpl,1995 CC,3200000
Tata,2010,60000,Diesel,Manual,1,23.03 kmpl,1396 CC,200000
Hyundai,2013,21000,Petrol,Manual,1,18.9 kmpl,1197 CC,420000
Hyundai,2013,57000,Petrol,Manual,1,21.1 kmpl,814 CC,200000
Ford,2018,35000,Diesel,Automatic,1,10.91 kmpl,3198 CC,3200000
Toyota,2013,100000,Diesel,Manual,2,12.99 kmpl,2494 CC,625000
Maruti,2012,90000,Petrol,Manual,1,20.92 kmpl,998 CC,250000
Volkswagen,2010,114000,Petrol,Manual,1,14.3 kmpl,1798 CC,700000
Hyundai,2011,110000,Petrol,Manual,2,19.81 kmpl,1086 CC,210000
Maruti,2006,90000,Petrol,Manual,1,19.7 kmpl,796 CC,160000
Chevrolet,2014,74321,Diesel,Manual,1,25.44 kmpl,936 CC,190000
Maruti,2004,120000,Petrol,Manual,1,16.1 kmpl,796 CC,40000
Maruti,2009,164000,Diesel,Manual,2,19.3 kmpl,1248 CC,229999
Toyota,2007,170000,Diesel,Manual,1,12.8 kmpl,2494 CC,400000
Maruti,2016,100000,Diesel,Manual,1,25.2 kmpl,1248 CC,580000
Mahindra,2014,165000,Diesel,Manual,2,15.1 kmpl,2179 CC,825000
Mahindra,2014,63000,Diesel,Manual,2,18.06 kmpl,2523 CC,425000
Maruti,2010,40000,CNG,Manual,4,17.3 km/kg,1061 CC,200000
Maruti,2011,90000,Diesel,Manual,4,19.3 kmpl,1248 CC,265000
Maruti,2012,80000,Petrol,Manual,3,19.7 kmpl,796 CC,180000
Skoda,2006,120000,Petrol,Manual,3,13.1 kmpl,1781 CC,100000
Renault,2016,30000,Diesel,Manual,1,19.64 kmpl,1461 CC,650000
Maruti,2011,115000,Diesel,Manual,4,21.5 kmpl,1248 CC,350000
Chevrolet,2011,110000,Petrol,Manual,2,18.0 kmpl,995 CC,130000
Mahindra,2015,70000,Diesel,Manual,1,15.4 kmpl,2179 CC,715000
Hyundai,2012,150000,Diesel,Manual,3,22.32 kmpl,1582 CC,450000
Volkswagen,2017,52000,Diesel,Manual,1,21.66 kmpl,1498 CC,555000
Renault,2019,14700,Petrol,Manual,1,25.17 kmpl,799 CC,325000
Hyundai,2014,70000,Diesel,Manual,3,22.32 kmpl,1582 CC,535000
Hyundai,2015,90000,Petrol,Manual,1,18.6 kmpl,1197 CC,516000
Honda,2015,117500,Petrol,Manual,2,17.4 kmpl,1497 CC,630000
Skoda,2011,265000,Diesel,Manual,2,20.86 kmpl,1199 CC,300000
Ford,2006,145000,Petrol,Manual,1,,,130000
Volkswagen,2011,110000,Diesel,Manual,1,20.54 kmpl,1598 CC,240000
Maruti,2016,70000,Petrol,Manual,1,23.95 kmpl,998 CC,298000
Mahindra,2011,100000,Diesel,Manual,2,13.6 kmpl,2523 CC,450000
Mahindra,2009,170000,Diesel,Manual,2,13.6 kmpl,2523 CC,400000
Hyundai,2016,39000,Diesel,Manual,1,19.67 kmpl,1582 CC,819999
Hyundai,2017,25000,Petrol,Manual,1,21.1 kmpl,814 CC,310000
Maruti,2018,5000,Petrol,Automatic,2,20.51 kmpl,998 CC,445000
Tata,2018,10000,Petrol,Automatic,1,20.3 kmpl,1199 CC,645000
